{"strategy":{"TrendlineBreakoutStrategy":{"trades":[{"pair":"BTC/USDT","stake_amount":9899.579349,"max_stake_amount":9899.579349,"amount":0.10098,"open_date":"2025-01-04 15:00:00+00:00","close_date":"2025-01-11 09:00:00+00:00","open_rate":98035.05,"close_rate":94074.8,"fee_open":0.001,"fee_close":0.001,"trade_duration":9720,"profit_ratio":-0.04231355661400651,"profit_abs":-419.30529765,"exit_reason":"exit_signal","initial_stop_loss_abs":980.3505000000009,"initial_stop_loss_ratio":-0.99,"stop_loss_abs":980.3505000000009,"stop_loss_ratio":-0.99,"min_rate":91203.67,"max_rate":102724.38,"is_open":false,"enter_tag":"","leverage":1.0,"is_short":false,"open_timestamp":1736002800000,"close_timestamp":1736586000000,"orders":[{"amount":0.10098,"safe_price":98035.05,"ft_order_side":"buy","order_filled_timestamp":1736002800000,"ft_is_entry":true,"ft_order_tag":"","cost":9909.478928348999},{"amount":0.10098,"safe_price":94074.8,"ft_order_side":"sell","order_filled_timestamp":1736586000000,"ft_is_entry":false,"ft_order_tag":"exit_signal","cost":9509.172977303999}],"funding_fees":0.0},{"pair":"BTC/USDT","stake_amount":9484.1148271,"max_stake_amount":9484.1148271,"amount":0.09043,"open_date":"2025-01-19 03:00:00+00:00","close_date":"2025-01-28 19:00:00+00:00","open_rate":104877.97,"close_rate":102205.78,"fee_open":0.001,"fee_close":0.001,"trade_duration":13920,"profit_ratio":-0.027426134893912747,"profit_abs":-260.37272521,"exit_reason":"exit_signal","initial_stop_loss_abs":1048.779700000001,"initial_stop_loss_ratio":-0.99,"stop_loss_abs":1048.779700000001,"stop_loss_ratio":-0.99,"min_rate":97777.77,"max_rate":109588.0,"is_open":false,"enter_tag":"","leverage":1.0,"is_short":false,"open_timestamp":1737255600000,"close_timestamp":1738090800000,"orders":[{"amount":0.09043,"safe_price":104877.97,"ft_order_side":"buy","order_filled_timestamp":1737255600000,"ft_is_entry":true,"ft_order_tag":"","cost":9493.598941927099},{"amount":0.09043,"safe_price":102205.78,"ft_order_side":"sell","order_filled_timestamp":1738090800000,"ft_is_entry":false,"ft_order_tag":"exit_signal","cost":9251.711154085398}],"funding_fees":0.0},{"pair":"BTC/USDT","stake_amount":9227.0448994,"max_stake_amount":9227.0448994,"amount":0.08971,"open_date":"2025-01-29 19:00:00+00:00","close_date":"2025-01-31 19:00:00+00:00","open_rate":102854.14,"close_rate":102627.29,"fee_open":0.001,"fee_close":0.001,"trade_duration":2880,"profit_ratio":-0.0041991458051359835,"profit_abs":-38.78445259,"exit_reason":"exit_signal","initial_stop_loss_abs":1028.541400000001,"initial_stop_loss_ratio":-0.99,"stop_loss_abs":1028.541400000001,"stop_loss_ratio":-0.99,"min_rate":101400.01,"max_rate":106457.44,"is_open":false,"enter_tag":"","leverage":1.0,"is_short":false,"open_timestamp":1738177200000,"close_timestamp":1738350000000,"orders":[{"amount":0.08971,"safe_price":102854.14,"ft_order_side":"buy","order_filled_timestamp":1738177200000,"ft_is_entry":true,"ft_order_tag":"","cost":9236.271944299398},{"amount":0.08971,"safe_price":102627.29,"ft_order_side":"sell","order_filled_timestamp":1738350000000,"ft_is_entry":false,"ft_order_tag":"exit_signal","cost":9215.9008800859}],"funding_fees":0.0},{"pair":"BTC/USDT","stake_amount":9188.4419008,"max_stake_amount":9188.4419008,"amount":0.09418,"open_date":"2025-02-15 10:00:00+00:00","close_date":"2025-02-16 08:00:00+00:00","open_rate":97562.56,"close_rate":97248.98,"fee_open":0.001,"fee_close":0.001,"trade_duration":1320,"profit_ratio":-0.005205722936886413,"profit_abs":-47.88031524,"exit_reason":"exit_signal","initial_stop_loss_abs":975.6256000000009,"initial_stop_loss_ratio":-0.99,"stop_loss_abs":975.6256000000009,"stop_loss_ratio":-0.99,"min_rate":97131.06,"max_rate":97962.51,"is_open":false,"enter_tag":"","leverage":1.0,"is_short":false,"open_timestamp":1739613600000,"close_timestamp":1739692800000,"orders":[{"amount":0.09418,"safe_price":97562.56,"ft_order_side":"buy","order_filled_timestamp":1739613600000,"ft_is_entry":true,"ft_order_tag":"","cost":9197.630342700799},{"amount":0.09418,"safe_price":97248.98,"ft_order_side":"sell","order_filled_timestamp":1739692800000,"ft_is_entry":false,"ft_order_tag":"exit_signal","cost":9168.067845336398}],"funding_fees":0.0},{"pair":"BTC/USDT","stake_amount":9141.0500592,"max_stake_amount":9141.0500592,"amount":0.10832,"open_date":"2025-03-15 21:00:00+00:00","close_date":"2025-03-17 13:00:00+00:00","open_rate":84389.31,"close_rate":83052.01,"fee_open":0.001,"fee_close":0.001,"trade_duration":2400,"profit_ratio":-0.017813133937176966,"profit_abs":-162.99357978,"exit_reason":"exit_signal","initial_stop_loss_abs":843.8931000000007,"initial_stop_loss_ratio":-0.99,"stop_loss_abs":843.8931000000007,"stop_loss_ratio":-0.99,"min_rate":81981.12,"max_rate":85117.04,"is_open":false,"enter_tag":"","leverage":1.0,"is_short":false,"open_timestamp":1742072400000,"close_timestamp":1742216400000,"orders":[{"amount":0.10832,"safe_price":84389.31,"ft_order_side":"buy","order_filled_timestamp":1742072400000,"ft_is_entry":true,"ft_order_tag":"","cost":9150.191109259198},{"amount":0.10832,"safe_price":83052.01,"ft_order_side":"sell","order_filled_timestamp":1742216400000,"ft_is_entry":false,"ft_order_tag":"exit_signal","cost":9005.189916923198}],"funding_fees":0.0},{"pair":"BTC/USDT","stake_amount":8979.107812,"max_stake_amount":8979.107812,"amount":0.1042,"open_date":"2025-03-20 15:00:00+00:00","close_date":"2025-04-05 04:00:00+00:00","open_rate":86171.86,"close_rate":83624.01,"fee_open":0.001,"fee_close":0.001,"trade_duration":22380,"profit_ratio":-0.031506003688705216,"profit_abs":-283.17869965,"exit_reason":"exit_signal","initial_stop_loss_abs":861.7186000000007,"initial_stop_loss_ratio":-0.99,"stop_loss_abs":861.7186000000007,"stop_loss_ratio":-0.99,"min_rate":81211.24,"max_rate":88765.43,"is_open":false,"enter_tag":"","leverage":1.0,"is_short":false,"open_timestamp":1742482800000,"close_timestamp":1743825600000,"orders":[{"amount":0.1042,"safe_price":86171.86,"ft_order_side":"buy","order_filled_timestamp":1742482800000,"ft_is_entry":true,"ft_order_tag":"","cost":8988.086919812},{"amount":0.1042,"safe_price":83624.01,"ft_order_side":"sell","order_filled_timestamp":1743825600000,"ft_is_entry":false,"ft_order_tag":"exit_signal","cost":8722.335463841997}],"funding_fees":0.0},{"pair":"BTC/USDT","stake_amount":8699.606658,"max_stake_amount":8699.606658,"amount":0.10705,"open_date":"2025-04-11 08:00:00+00:00","close_date":"2025-05-06 10:00:00+00:00","open_rate":81266.76,"close_rate":94211.96,"fee_open":0.001,"fee_close":0.001,"trade_duration":36120,"profit_ratio":0.15697641096614395,"profit_abs":1366.99866302,"exit_reason":"exit_signal","initial_stop_loss_abs":812.6676000000007,"initial_stop_loss_ratio":-0.99,"stop_loss_abs":812.6676000000007,"stop_loss_ratio":-0.99,"min_rate":80782.43,"max_rate":97895.68,"is_open":false,"enter_tag":"","leverage":1.0,"is_short":false,"open_timestamp":1744358400000,"close_timestamp":1746525600000,"orders":[{"amount":0.10705,"safe_price":81266.76,"ft_order_side":"buy","order_filled_timestamp":1744358400000,"ft_is_entry":true,"ft_order_tag":"","cost":8708.306264658},{"amount":0.10705,"safe_price":94211.96,"ft_order_side":"sell","order_filled_timestamp":1746525600000,"ft_is_entry":false,"ft_order_tag":"exit_signal","cost":10095.475708318001}],"funding_fees":0.0},{"pair":"BTC/USDT","stake_amount":10052.7114,"max_stake_amount":10052.7114,"amount":0.10282,"open_date":"2025-05-08 01:00:00+00:00","close_date":"2025-05-19 05:00:00+00:00","open_rate":97770.0,"close_rate":103002.07,"fee_open":0.001,"fee_close":0.001,"trade_duration":16080,"profit_ratio":0.051409140414405204,"profit_abs":517.31805316,"exit_reason":"exit_signal","initial_stop_loss_abs":977.7000000000008,"initial_stop_loss_ratio":-0.99,"stop_loss_abs":977.7000000000008,"stop_loss_ratio":-0.99,"min_rate":97600.0,"max_rate":107108.62,"is_open":false,"enter_tag":"","leverage":1.0,"is_short":false,"open_timestamp":1746666000000,"close_timestamp":1747630800000,"orders":[{"amount":0.10282,"safe_price":97770.0,"ft_order_side":"buy","order_filled_timestamp":1746666000000,"ft_is_entry":true,"ft_order_tag":"","cost":10062.7641114},{"amount":0.10282,"safe_price":103002.07,"ft_order_side":"sell","order_filled_timestamp":1747630800000,"ft_is_entry":false,"ft_order_tag":"exit_signal","cost":10601.263510237399}],"funding_fees":0.0},{"pair":"BTC/USDT","stake_amount":10564.90128,"max_stake_amount":10564.90128,"amount":0.10254,"open_date":"2025-05-19 06:00:00+00:00","close_date":"2025-05-25 09:00:00+00:00","open_rate":103032.0,"close_rate":107109.4,"fee_open":0.001,"fee_close":0.001,"trade_duration":8820,"profit_ratio":0.03749704174194653,"profit_abs":396.54869684,"exit_reason":"exit_signal","initial_stop_loss_abs":1030.3200000000008,"initial_stop_loss_ratio":-0.99,"stop_loss_abs":1030.3200000000008,"stop_loss_ratio":-0.99,"min_rate":102000.0,"max_rate":111980.0,"is_open":false,"enter_tag":"","leverage":1.0,"is_short":false,"open_timestamp":1747634400000,"close_timestamp":1748163600000,"orders":[{"amount":0.10254,"safe_price":103032.0,"ft_order_side":"buy","order_filled_timestamp":1747634400000,"ft_is_entry":true,"ft_order_tag":"","cost":10575.466181279999},{"amount":0.10254,"safe_price":107109.4,"ft_order_side":"sell","order_filled_timestamp":1748163600000,"ft_is_entry":false,"ft_order_tag":"exit_signal","cost":10993.980873875998}],"funding_fees":0.0},{"pair":"BTC/USDT","stake_amount":10957.2348134,"max_stake_amount":10957.2348134,"amount":0.10201,"open_date":"2025-05-25 19:00:00+00:00","close_date":"2025-05-29 16:00:00+00:00","open_rate":107413.34,"close_rate":107019.9,"fee_open":0.001,"fee_close":0.001,"trade_duration":5580,"profit_ratio":-0.005653543349480338,"profit_abs":-62.00914921,"exit_reason":"exit_signal","initial_stop_loss_abs":1074.1334000000008,"initial_stop_loss_ratio":-0.99,"stop_loss_abs":1074.1334000000008,"stop_loss_ratio":-0.99,"min_rate":106474.0,"max_rate":110718.0,"is_open":false,"enter_tag":"","leverage":1.0,"is_short":false,"open_timestamp":1748199600000,"close_timestamp":1748534400000,"orders":[{"amount":0.10201,"safe_price":107413.34,"ft_order_side":"buy","order_filled_timestamp":1748199600000,"ft_is_entry":true,"ft_order_tag":"","cost":10968.1920482134},{"amount":0.10201,"safe_price":107019.9,"ft_order_side":"sell","order_filled_timestamp":1748534400000,"ft_is_entry":false,"ft_order_tag":"exit_signal","cost":10928.017098998998}],"funding_fees":0.0},{"pair":"BTC/USDT","stake_amount":10896.0306056,"max_stake_amount":10896.0306056,"amount":0.10346,"open_date":"2025-06-07 07:00:00+00:00","close_date":"2025-06-07 09:00:00+00:00","open_rate":105316.36,"close_rate":104746.44,"fee_open":0.001,"fee_close":0.001,"trade_duration":120,"profit_ratio":-0.007398694717733391,"profit_abs":-80.69702049,"exit_reason":"exit_signal","initial_stop_loss_abs":1053.163600000001,"initial_stop_loss_ratio":-0.99,"stop_loss_abs":1053.163600000001,"stop_loss_ratio":-0.99,"min_rate":104689.81,"max_rate":105319.13,"is_open":false,"enter_tag":"","leverage":1.0,"is_short":false,"open_timestamp":1749279600000,"close_timestamp":1749286800000,"orders":[{"amount":0.10346,"safe_price":105316.36,"ft_order_side":"buy","order_filled_timestamp":1749279600000,"ft_is_entry":true,"ft_order_tag":"","cost":10906.926636205599},{"amount":0.10346,"safe_price":104746.44,"ft_order_side":"sell","order_filled_timestamp":1749286800000,"ft_is_entry":false,"ft_order_tag":"exit_signal","cost":10847.9037490824}],"funding_fees":0.0},{"pair":"BTC/USDT","stake_amount":10816.3515321,"max_stake_amount":10816.3515321,"amount":0.10287,"open_date":"2025-06-07 11:00:00+00:00","close_date":"2025-06-14 03:00:00+00:00","open_rate":105145.83,"close_rate":105374.18,"fee_open":0.001,"fee_close":0.001,"trade_duration":9600,"profit_ratio":0.00016940450999866697,"profit_abs":1.83417107,"exit_reason":"exit_signal","initial_stop_loss_abs":1051.458300000001,"initial_stop_loss_ratio":-0.99,"stop_loss_abs":1051.458300000001,"stop_loss_ratio":-0.99,"min_rate":102664.31,"max_rate":110530.17,"is_open":false,"enter_tag":"","leverage":1.0,"is_short":false,"open_timestamp":1749294000000,"close_timestamp":1749870000000,"orders":[{"amount":0.10287,"safe_price":105145.83,"ft_order_side":"buy","order_filled_timestamp":1749294000000,"ft_is_entry":true,"ft_order_tag":"","cost":10827.1678836321},{"amount":0.10287,"safe_price":105374.18,"ft_order_side":"sell","order_filled_timestamp":1749870000000,"ft_is_entry":false,"ft_order_tag":"exit_signal","cost":10850.681738496598}],"funding_fees":0.0},{"pair":"BTC/USDT","stake_amount":10818.1922976,"max_stake_amount":10818.1922976,"amount":0.10224,"open_date":"2025-06-20 08:00:00+00:00","close_date":"2025-06-20 15:00:00+00:00","open_rate":105811.74,"close_rate":103940.01,"fee_open":0.001,"fee_close":0.001,"trade_duration":420,"profit_ratio":-0.019651905806031992,"profit_abs":-212.81069412,"exit_reason":"exit_signal","initial_stop_loss_abs":1058.117400000001,"initial_stop_loss_ratio":-0.99,"stop_loss_abs":1058.117400000001,"stop_loss_ratio":-0.99,"min_rate":103888.0,"max_rate":106524.65,"is_open":false,"enter_tag":"","leverage":1.0,"is_short":false,"open_timestamp":1750406400000,"close_timestamp":1750431600000,"orders":[{"amount":0.10224,"safe_price":105811.74,"ft_order_side":"buy","order_filled_timestamp":1750406400000,"ft_is_entry":true,"ft_order_tag":"","cost":10829.010489897599},{"amount":0.10224,"safe_price":103940.01,"ft_order_side":"sell","order_filled_timestamp":1750431600000,"ft_is_entry":false,"ft_order_tag":"exit_signal","cost":10637.4534490224}],"funding_fees":0.0},{"pair":"BTC/USDT","stake_amount":10606.5912125,"max_stake_amount":10606.5912125,"amount":0.09985,"open_date":"2025-06-24 17:00:00+00:00","close_date":"2025-07-20 23:00:00+00:00","open_rate":106225.25,"close_rate":117479.92,"fee_open":0.001,"fee_close":0.001,"trade_duration":37800,"profit_ratio":0.10374129394997805,"profit_abs":1101.44183828,"exit_reason":"exit_signal","initial_stop_loss_abs":1062.252500000001,"initial_stop_loss_ratio":-0.99,"stop_loss_abs":1062.252500000001,"stop_loss_ratio":-0.99,"min_rate":105100.19,"max_rate":123218.0,"is_open":false,"enter_tag":"","leverage":1.0,"is_short":false,"open_timestamp":1750784400000,"close_timestamp":1753052400000,"orders":[{"amount":0.09985,"safe_price":106225.25,"ft_order_side":"buy","order_filled_timestamp":1750784400000,"ft_is_entry":true,"ft_order_tag":"","cost":10617.197803712499},{"amount":0.09985,"safe_price":117479.92,"ft_order_side":"sell","order_filled_timestamp":1753052400000,"ft_is_entry":false,"ft_order_tag":"exit_signal","cost":11742.100382011999}],"funding_fees":0.0},{"pair":"BTC/USDT","stake_amount":11697.5190276,"max_stake_amount":11697.5190276,"amount":0.09926,"open_date":"2025-07-22 07:00:00+00:00","close_date":"2025-07-28 18:00:00+00:00","open_rate":117847.26,"close_rate":117667.86,"fee_open":0.001,"fee_close":0.001,"trade_duration":9300,"profit_ratio":-0.0035172698912859066,"profit_abs":-41.18447481,"exit_reason":"exit_signal","initial_stop_loss_abs":1178.472600000001,"initial_stop_loss_ratio":-0.99,"stop_loss_abs":1178.472600000001,"stop_loss_ratio":-0.99,"min_rate":114723.16,"max_rate":120247.8,"is_open":false,"enter_tag":"","leverage":1.0,"is_short":false,"open_timestamp":1753167600000,"close_timestamp":1753725600000,"orders":[{"amount":0.09926,"safe_price":117847.26,"ft_order_side":"buy","order_filled_timestamp":1753167600000,"ft_is_entry":true,"ft_order_tag":"","cost":11709.216546627598},{"amount":0.09926,"safe_price":117667.86,"ft_order_side":"sell","order_filled_timestamp":1753725600000,"ft_is_entry":false,"ft_order_tag":"exit_signal","cost":11691.3914953836}],"funding_fees":0.0},{"pair":"BTC/USDT","stake_amount":11656.5620265,"max_stake_amount":11656.5620265,"amount":0.09819,"open_date":"2025-07-30 15:00:00+00:00","close_date":"2025-07-30 19:00:00+00:00","open_rate":118714.35,"close_rate":116523.15,"fee_open":0.001,"fee_close":0.001,"trade_duration":240,"profit_ratio":-0.020418875111259567,"profit_abs":-238.25189813,"exit_reason":"exit_signal","initial_stop_loss_abs":1187.143500000001,"initial_stop_loss_ratio":-0.99,"stop_loss_abs":1187.143500000001,"stop_loss_ratio":-0.99,"min_rate":115796.23,"max_rate":118792.0,"is_open":false,"enter_tag":"","leverage":1.0,"is_short":false,"open_timestamp":1753887600000,"close_timestamp":1753902000000,"orders":[{"amount":0.09819,"safe_price":118714.35,"ft_order_side":"buy","order_filled_timestamp":1753887600000,"ft_is_entry":true,"ft_order_tag":"","cost":11668.218588526499},{"amount":0.09819,"safe_price":116523.15,"ft_order_side":"sell","order_filled_timestamp":1753902000000,"ft_is_entry":false,"ft_order_tag":"exit_signal","cost":11452.849506598499}],"funding_fees":0.0},{"pair":"BTC/USDT","stake_amount":11421.20391,"max_stake_amount":11421.20391,"amount":0.09645,"open_date":"2025-07-31 01:00:00+00:00","close_date":"2025-07-31 15:00:00+00:00","open_rate":118415.8,"close_rate":117913.19,"fee_open":0.001,"fee_close":0.001,"trade_duration":840,"profit_ratio":-0.006233972065023408,"profit_abs":-71.27066559,"exit_reason":"exit_signal","initial_stop_loss_abs":1184.158000000001,"initial_stop_loss_ratio":-0.99,"stop_loss_abs":1184.158000000001,"stop_loss_ratio":-0.99,"min_rate":117807.35,"max_rate":118922.45,"is_open":false,"enter_tag":"","leverage":1.0,"is_short":false,"open_timestamp":1753923600000,"close_timestamp":1753974000000,"orders":[{"amount":0.09645,"safe_price":118415.8,"ft_order_side":"buy","order_filled_timestamp":1753923600000,"ft_is_entry":true,"ft_order_tag":"","cost":11432.625113909999},{"amount":0.09645,"safe_price":117913.19,"ft_order_side":"sell","order_filled_timestamp":1753974000000,"ft_is_entry":false,"ft_order_tag":"exit_signal","cost":11384.099902675498}],"funding_fees":0.0},{"pair":"BTC/USDT","stake_amount":11350.5553329,"max_stake_amount":11350.5553329,"amount":0.09723,"open_date":"2025-08-09 06:00:00+00:00","close_date":"2025-08-17 00:00:00+00:00","open_rate":116739.23,"close_rate":117380.66,"fee_open":0.001,"fee_close":0.001,"trade_duration":11160,"profit_ratio":0.0034855738455829926,"profit_abs":39.602762,"exit_reason":"exit_signal","initial_stop_loss_abs":1167.392300000001,"initial_stop_loss_ratio":-0.99,"stop_loss_abs":1167.392300000001,"stop_loss_ratio":-0.99,"min_rate":116359.89,"max_rate":124474.0,"is_open":false,"enter_tag":"","leverage":1.0,"is_short":false,"open_timestamp":1754719200000,"close_timestamp":1755388800000,"orders":[{"amount":0.09723,"safe_price":116739.23,"ft_order_side":"buy","order_filled_timestamp":1754719200000,"ft_is_entry":true,"ft_order_tag":"","cost":11361.905888232899},{"amount":0.09723,"safe_price":117380.66,"ft_order_side":"sell","order_filled_timestamp":1755388800000,"ft_is_entry":false,"ft_order_tag":"exit_signal","cost":11424.334493371798}],"funding_fees":0.0},{"pair":"BTC/USDT","stake_amount":11389.740404,"max_stake_amount":11389.740404,"amount":0.09835,"open_date":"2025-08-22 15:00:00+00:00","close_date":"2025-08-29 02:00:00+00:00","open_rate":115808.24,"close_rate":111486.0,"fee_open":0.001,"fee_close":0.001,"trade_duration":9300,"profit_ratio":-0.03924581921552923,"profit_abs":-447.4466925,"exit_reason":"exit_signal","initial_stop_loss_abs":1158.0824000000011,"initial_stop_loss_ratio":-0.99,"stop_loss_abs":1158.0824000000011,"stop_loss_ratio":-0.99,"min_rate":108666.66,"max_rate":117429.05,"is_open":false,"enter_tag":"","leverage":1.0,"is_short":false,"open_timestamp":1755874800000,"close_timestamp":1756432800000,"orders":[{"amount":0.09835,"safe_price":115808.24,"ft_order_side":"buy","order_filled_timestamp":1755874800000,"ft_is_entry":true,"ft_order_tag":"","cost":11401.130144404},{"amount":0.09835,"safe_price":111486.0,"ft_order_side":"sell","order_filled_timestamp":1756432800000,"ft_is_entry":false,"ft_order_tag":"exit_signal","cost":10975.612748099998}],"funding_fees":0.0},{"pair":"BTC/USDT","stake_amount":10945.8924988,"max_stake_amount":10945.8924988,"amount":0.09842,"open_date":"2025-09-06 03:00:00+00:00","close_date":"2025-09-06 10:00:00+00:00","open_rate":111216.14,"close_rate":110695.06,"fee_open":0.001,"fee_close":0.001,"trade_duration":420,"profit_ratio":-0.006673931958152383,"profit_abs":-73.1251939,"exit_reason":"exit_signal","initial_stop_loss_abs":1112.161400000001,"initial_stop_loss_ratio":-0.99,"stop_loss_abs":1112.161400000001,"stop_loss_ratio":-0.99,"min_rate":110677.3,"max_rate":111307.7,"is_open":false,"enter_tag":"","leverage":1.0,"is_short":false,"open_timestamp":1757127600000,"close_timestamp":1757152800000,"orders":[{"amount":0.09842,"safe_price":111216.14,"ft_order_side":"buy","order_filled_timestamp":1757127600000,"ft_is_entry":true,"ft_order_tag":"","cost":10956.8383912988},{"amount":0.09842,"safe_price":110695.06,"ft_order_side":"sell","order_filled_timestamp":1757152800000,"ft_is_entry":false,"ft_order_tag":"exit_signal","cost":10905.502413005199}],"funding_fees":0.0},{"pair":"BTC/USDT","stake_amount":10873.5411224,"max_stake_amount":10873.5411224,"amount":0.09748,"open_date":"2025-09-10 00:00:00+00:00","close_date":"2025-09-10 01:00:00+00:00","open_rate":111546.38,"close_rate":111010.47,"fee_open":0.001,"fee_close":0.001,"trade_duration":60,"profit_ratio":-0.0067927721265328145,"profit_abs":-73.93534854,"exit_reason":"exit_signal","initial_stop_loss_abs":1115.4638000000011,"initial_stop_loss_ratio":-0.99,"stop_loss_abs":1115.4638000000011,"stop_loss_ratio":-0.99,"min_rate":110917.45,"max_rate":111572.57,"is_open":false,"enter_tag":"","leverage":1.0,"is_short":false,"open_timestamp":1757462400000,"close_timestamp":1757466000000,"orders":[{"amount":0.09748,"safe_price":111546.38,"ft_order_side":"buy","order_filled_timestamp":1757462400000,"ft_is_entry":true,"ft_order_tag":"","cost":10884.414663522399},{"amount":0.09748,"safe_price":111010.47,"ft_order_side":"sell","order_filled_timestamp":1757466000000,"ft_is_entry":false,"ft_order_tag":"exit_signal","cost":10832.121916215598}],"funding_fees":0.0},{"pair":"BTC/USDT","stake_amount":10801.3090535,"max_stake_amount":10801.3090535,"amount":0.09695,"open_date":"2025-09-10 03:00:00+00:00","close_date":"2025-09-21 17:00:00+00:00","open_rate":111411.13,"close_rate":115316.01,"fee_open":0.001,"fee_close":0.001,"trade_duration":16680,"profit_ratio":0.03298125045181118,"profit_abs":356.59691978,"exit_reason":"exit_signal","initial_stop_loss_abs":1114.111300000001,"initial_stop_loss_ratio":-0.99,"stop_loss_abs":1114.111300000001,"stop_loss_ratio":-0.99,"min_rate":111372.08,"max_rate":117900.0,"is_open":false,"enter_tag":"","leverage":1.0,"is_short":false,"open_timestamp":1757473200000,"close_timestamp":1758474000000,"orders":[{"amount":0.09695,"safe_price":111411.13,"ft_order_side":"buy","order_filled_timestamp":1757473200000,"ft_is_entry":true,"ft_order_tag":"","cost":10812.110362553498},{"amount":0.09695,"safe_price":115316.01,"ft_order_side":"sell","order_filled_timestamp":1758474000000,"ft_is_entry":false,"ft_order_tag":"exit_signal","cost":11191.067056669497}],"funding_fees":0.0},{"pair":"BTC/USDT","stake_amount":11153.6485962,"max_stake_amount":11153.6485962,"amount":0.09606,"open_date":"2025-10-01 09:00:00+00:00","close_date":"2025-10-10 00:00:00+00:00","open_rate":116111.27,"close_rate":121662.41,"fee_open":0.001,"fee_close":0.001,"trade_duration":12420,"profit_ratio":0.045715271753952756,"profit_abs":510.4019687,"exit_reason":"force_exit","initial_stop_loss_abs":1161.112700000001,"initial_stop_loss_ratio":-0.99,"stop_loss_abs":1161.112700000001,"stop_loss_ratio":-0.99,"min_rate":115950.0,"max_rate":126199.63,"is_open":false,"enter_tag":"","leverage":1.0,"is_short":false,"open_timestamp":1759309200000,"close_timestamp":1760054400000,"orders":[{"amount":0.09606,"safe_price":116111.27,"ft_order_side":"buy","order_filled_timestamp":1759309200000,"ft_is_entry":true,"ft_order_tag":"","cost":11164.8022447962},{"amount":0.09606,"safe_price":121662.41,"ft_order_side":"sell","order_filled_timestamp":1760054400000,"ft_is_entry":false,"ft_order_tag":"force_exit","cost":11698.5779957046}],"funding_fees":0.0}],"locks":[],"best_pair":{"key":"BTC/USDT","trades":23,"profit_mean":0.008170648065955067,"profit_mean_pct":0.82,"profit_total_abs":1777.49686544,"profit_total":0.177749686544,"profit_total_pct":17.77,"duration_avg":"6 days, 20:55:00","wins":8,"draws":0,"losses":15,"winrate":0.34782608695652173,"cagr":0.23584999155926267,"expectancy":77.28247241043479,"expectancy_ratio":0.46125090440349714,"sortino":0.9089587536624519,"sharpe":0.27398903321425583,"calmar":9.931595484892387,"sqn":0.8247,"profit_factor":1.7072513867520291,"max_drawdown_account":0.121251507012,"max_drawdown_abs":1212.51507012},"worst_pair":{"key":"BTC/USDT","trades":23,"profit_mean":0.008170648065955067,"profit_mean_pct":0.82,"profit_total_abs":1777.49686544,"profit_total":0.177749686544,"profit_total_pct":17.77,"duration_avg":"6 days, 20:55:00","wins":8,"draws":0,"losses":15,"winrate":0.34782608695652173,"cagr":0.23584999155926267,"expectancy":77.28247241043479,"expectancy_ratio":0.46125090440349714,"sortino":0.9089587536624519,"sharpe":0.27398903321425583,"calmar":9.931595484892387,"sqn":0.8247,"profit_factor":1.7072513867520291,"max_drawdown_account":0.121251507012,"max_drawdown_abs":1212.51507012},"results_per_pair":[{"key":"BTC/USDT","trades":23,"profit_mean":0.008170648065955067,"profit_mean_pct":0.82,"profit_total_abs":1777.49686544,"profit_total":0.177749686544,"profit_total_pct":17.77,"duration_avg":"6 days, 20:55:00","wins":8,"draws":0,"losses":15,"winrate":0.34782608695652173,"cagr":0.23584999155926267,"expectancy":77.28247241043479,"expectancy_ratio":0.46125090440349714,"sortino":0.9089587536624519,"sharpe":0.27398903321425583,"calmar":9.931595484892387,"sqn":0.8247,"profit_factor":1.7072513867520291,"max_drawdown_account":0.121251507012,"max_drawdown_abs":1212.51507012},{"key":"TOTAL","trades":23,"profit_mean":0.008170648065955067,"profit_mean_pct":0.82,"profit_total_abs":1777.49686544,"profit_total":0.177749686544,"profit_total_pct":17.77,"duration_avg":"6 days, 20:55:00","wins":8,"draws":0,"losses":15,"winrate":0.34782608695652173,"cagr":0.23584999155926267,"expectancy":77.28247241043479,"expectancy_ratio":0.46125090440349714,"sortino":0.9089587536624519,"sharpe":0.27398903321425583,"calmar":9.931595484892387,"sqn":0.8247,"profit_factor":1.7072513867520291,"max_drawdown_account":0.121251507012,"max_drawdown_abs":1212.51507012}],"results_per_enter_tag":[{"key":"","trades":23,"profit_mean":0.008170648065955067,"profit_mean_pct":0.82,"profit_total_abs":1777.49686544,"profit_total":0.177749686544,"profit_total_pct":17.77,"duration_avg":"6 days, 20:55:00","wins":8,"draws":0,"losses":15,"winrate":0.34782608695652173,"cagr":0.23584999155926267,"expectancy":77.28247241043479,"expectancy_ratio":0.46125090440349714,"sortino":0.9089587536624519,"sharpe":0.27398903321425583,"calmar":9.931595484892387,"sqn":0.8247,"profit_factor":1.7072513867520291,"max_drawdown_account":0.121251507012,"max_drawdown_abs":1212.51507012},{"key":"TOTAL","trades":23,"profit_mean":0.008170648065955067,"profit_mean_pct":0.82,"profit_total_abs":1777.49686544,"profit_total":0.177749686544,"profit_total_pct":17.77,"duration_avg":"6 days, 20:55:00","wins":8,"draws":0,"losses":15,"winrate":0.34782608695652173,"cagr":0.23584999155926267,"expectancy":77.28247241043479,"expectancy_ratio":0.46125090440349714,"sortino":0.9089587536624519,"sharpe":0.27398903321425583,"calmar":9.931595484892387,"sqn":0.8247,"profit_factor":1.7072513867520291,"max_drawdown_account":0.121251507012,"max_drawdown_abs":1212.51507012}],"exit_reason_summary":[{"key":"exit_signal","trades":22,"profit_mean":0.006464074261955171,"profit_mean_pct":0.65,"profit_total_abs":1267.09489674,"profit_total":0.126709489674,"profit_total_pct":12.67,"duration_avg":"6 days, 19:00:00","wins":7,"draws":0,"losses":15,"winrate":0.3181818181818182,"cagr":0.16697504566988486,"expectancy":57.595222579090944,"expectancy_ratio":0.34374998205077434,"sortino":0.6479544467875862,"sharpe":0.19538179309213205,"calmar":7.07977279739285,"sqn":0.6007,"profit_factor":1.5041666403411356,"max_drawdown_account":0.121251507012,"max_drawdown_abs":1212.51507012},{"key":"force_exit","trades":1,"profit_mean":0.045715271753952756,"profit_mean_pct":4.57,"profit_total_abs":510.4019687,"profit_total":0.05104019687,"profit_total_pct":5.1,"duration_avg":"8 days, 15:00:00","wins":1,"draws":0,"losses":0,"winrate":1.0,"cagr":0.0665530470593132,"expectancy":510.4019687,"expectancy_ratio":100.0,"sortino":-100,"sharpe":-100,"calmar":-100,"sqn":-100.0,"profit_factor":0.0,"max_drawdown_account":0.0,"max_drawdown_abs":0.0},{"key":"TOTAL","trades":23,"profit_mean":0.008170648065955067,"profit_mean_pct":0.82,"profit_total_abs":1777.49686544,"profit_total":0.177749686544,"profit_total_pct":17.77,"duration_avg":"6 days, 20:55:00","wins":8,"draws":0,"losses":15,"winrate":0.34782608695652173,"cagr":0.23584999155926267,"expectancy":77.28247241043479,"expectancy_ratio":0.46125090440349714,"sortino":0.9089587536624519,"sharpe":0.27398903321425583,"calmar":9.931595484892387,"sqn":0.8247,"profit_factor":1.7072513867520291,"max_drawdown_account":0.121251507012,"max_drawdown_abs":1212.51507012}],"mix_tag_stats":[{"key":["","exit_signal"],"trades":22,"profit_mean":0.006464074261955171,"profit_mean_pct":0.65,"profit_total_abs":1267.09489674,"profit_total":0.126709489674,"profit_total_pct":12.67,"duration_avg":"6 days, 19:00:00","wins":7,"draws":0,"losses":15,"winrate":0.3181818181818182,"cagr":0.16697504566988486,"expectancy":57.595222579090944,"expectancy_ratio":0.34374998205077434,"sortino":0.6479544467875862,"sharpe":0.19538179309213205,"calmar":7.07977279739285,"sqn":0.6007,"profit_factor":1.5041666403411356,"max_drawdown_account":0.121251507012,"max_drawdown_abs":1212.51507012},{"key":["","force_exit"],"trades":1,"profit_mean":0.045715271753952756,"profit_mean_pct":4.57,"profit_total_abs":510.4019687,"profit_total":0.05104019687,"profit_total_pct":5.1,"duration_avg":"8 days, 15:00:00","wins":1,"draws":0,"losses":0,"winrate":1.0,"cagr":0.0665530470593132,"expectancy":510.4019687,"expectancy_ratio":100.0,"sortino":-100,"sharpe":-100,"calmar":-100,"sqn":-100.0,"profit_factor":0.0,"max_drawdown_account":0.0,"max_drawdown_abs":0.0},{"key":"TOTAL","trades":23,"profit_mean":0.008170648065955067,"profit_mean_pct":0.82,"profit_total_abs":1777.49686544,"profit_total":0.177749686544,"profit_total_pct":17.77,"duration_avg":"6 days, 20:55:00","wins":8,"draws":0,"losses":15,"winrate":0.34782608695652173,"cagr":0.23584999155926267,"expectancy":77.28247241043479,"expectancy_ratio":0.46125090440349714,"sortino":0.9089587536624519,"sharpe":0.27398903321425583,"calmar":9.931595484892387,"sqn":0.8247,"profit_factor":1.7072513867520291,"max_drawdown_account":0.121251507012,"max_drawdown_abs":1212.51507012}],"left_open_trades":[{"key":"BTC/USDT","trades":1,"profit_mean":0.045715271753952756,"profit_mean_pct":4.57,"profit_total_abs":510.4019687,"profit_total":0.05104019687,"profit_total_pct":5.1,"duration_avg":"8 days, 15:00:00","wins":1,"draws":0,"losses":0,"winrate":1.0,"cagr":0.0665530470593132,"expectancy":510.4019687,"expectancy_ratio":100.0,"sortino":-100,"sharpe":-100,"calmar":-100,"sqn":-100.0,"profit_factor":0.0,"max_drawdown_account":0.0,"max_drawdown_abs":0.0},{"key":"TOTAL","trades":1,"profit_mean":0.045715271753952756,"profit_mean_pct":4.57,"profit_total_abs":510.4019687,"profit_total":0.05104019687,"profit_total_pct":5.1,"duration_avg":"8 days, 15:00:00","wins":1,"draws":0,"losses":0,"winrate":1.0,"cagr":0.0665530470593132,"expectancy":510.4019687,"expectancy_ratio":100.0,"sortino":-100,"sharpe":-100,"calmar":-100,"sqn":-100.0,"profit_factor":0.0,"max_drawdown_account":0.0,"max_drawdown_abs":0.0}],"total_trades":23,"trade_count_long":23,"trade_count_short":0,"total_volume":483986.36382456357,"avg_stake_amount":10461.779592113046,"profit_mean":0.008170648065955067,"profit_median":-0.005653543349480338,"profit_total":0.177749686544,"profit_total_long":0.177749686544,"profit_total_short":0.0,"profit_total_abs":1777.49686544,"profit_total_long_abs":1777.49686544,"profit_total_short_abs":0.0,"cagr":0.23584999155926267,"expectancy":77.28247241043479,"expectancy_ratio":0.46125090440349714,"sortino":0.9089587536624519,"sharpe":0.27398903321425583,"calmar":9.931595484892387,"sqn":0.8247,"profit_factor":1.7072513867520291,"backtest_start":"2025-01-01 00:00:00","backtest_start_ts":1735689600000,"backtest_end":"2025-10-10 00:00:00","backtest_end_ts":1760054400000,"backtest_days":282,"backtest_run_start_ts":1760842142,"backtest_run_end_ts":1760842147,"trades_per_day":0.08,"market_change":0.28965889606841616,"pairlist":["BTC/USDT"],"stake_amount":"unlimited","stake_currency":"USDT","stake_currency_decimals":3,"starting_balance":10000,"dry_run_wallet":10000,"final_balance":11777.49686544,"rejected_signals":0,"timedout_entry_orders":0,"timedout_exit_orders":0,"canceled_trade_entries":0,"canceled_entry_orders":0,"replaced_entry_orders":0,"max_open_trades":1,"max_open_trades_setting":1,"timeframe":"1h","timeframe_detail":"","timerange":"20250101-20251010","enable_protections":false,"strategy_name":"TrendlineBreakoutStrategy","freqaimodel":null,"freqai_identifier":null,"stoploss":-0.99,"trailing_stop":false,"trailing_stop_positive":0.0,"trailing_stop_positive_offset":0.0,"trailing_only_offset_is_reached":false,"use_custom_stoploss":true,"minimal_roi":{"0":100},"use_exit_signal":true,"exit_profit_only":false,"exit_profit_offset":0.0,"ignore_roi_if_entry_signal":false,"trading_mode":"spot","margin_mode":"","periodic_breakdown":{"day":[{"date":"11/01/2025","date_ts":1736553600000,"profit_abs":-419.30529765,"wins":0,"draws":0,"losses":1,"trades":1,"profit_factor":0.0},{"date":"12/01/2025","date_ts":1736640000000,"profit_abs":0.0,"wins":0,"draws":0,"losses":0,"trades":0,"profit_factor":0.0},{"date":"13/01/2025","date_ts":1736726400000,"profit_abs":0.0,"wins":0,"draws":0,"losses":0,"trades":0,"profit_factor":0.0},{"date":"14/01/2025","date_ts":1736812800000,"profit_abs":0.0,"wins":0,"draws":0,"losses":0,"trades":0,"profit_factor":0.0},{"date":"15/01/2025","date_ts":1736899200000,"profit_abs":0.0,"wins":0,"draws":0,"losses":0,"trades":0,"profit_factor":0.0},{"date":"16/01/2025","date_ts":1736985600000,"profit_abs":0.0,"wins":0,"draws":0,"losses":0,"trades":0,"profit_factor":0.0},{"date":"17/01/2025","date_ts":1737072000000,"profit_abs":0.0,"wins":0,"draws":0,"losses":0,"trades":0,"profit_factor":0.0},{"date":"18/01/2025","date_ts":1737158400000,"profit_abs":0.0,"wins":0,"draws":0,"losses":0,"trades":0,"profit_factor":0.0},{"date":"19/01/2025","date_ts":1737244800000,"profit_abs":0.0,"wins":0,"draws":0,"losses":0,"trades":0,"profit_factor":0.0},{"date":"20/01/2025","date_ts":1737331200000,"profit_abs":0.0,"wins":0,"draws":0,"losses":0,"trades":0,"profit_factor":0.0},{"date":"21/01/2025","date_ts":1737417600000,"profit_abs":0.0,"wins":0,"draws":0,"losses":0,"trades":0,"profit_factor":0.0},{"date":"22/01/2025","date_ts":1737504000000,"profit_abs":0.0,"wins":0,"draws":0,"losses":0,"trades":0,"profit_factor":0.0},{"date":"23/01/2025","date_ts":1737590400000,"profit_abs":0.0,"wins":0,"draws":0,"losses":0,"trades":0,"profit_factor":0.0},{"date":"24/01/2025","date_ts":1737676800000,"profit_abs":0.0,"wins":0,"draws":0,"losses":0,"trades":0,"profit_factor":0.0},{"date":"25/01/2025","date_ts":1737763200000,"profit_abs":0.0,"wins":0,"draws":0,"losses":0,"trades":0,"profit_factor":0.0},{"date":"26/01/2025","date_ts":1737849600000,"profit_abs":0.0,"wins":0,"draws":0,"losses":0,"trades":0,"profit_factor":0.0},{"date":"27/01/2025","date_ts":1737936000000,"profit_abs":0.0,"wins":0,"draws":0,"losses":0,"trades":0,"profit_factor":0.0},{"date":"28/01/2025","date_ts":1738022400000,"profit_abs":-260.37272521,"wins":0,"draws":0,"losses":1,"trades":1,"profit_factor":0.0},{"date":"29/01/2025","date_ts":1738108800000,"profit_abs":0.0,"wins":0,"draws":0,"losses":0,"trades":0,"profit_factor":0.0},{"date":"30/01/2025","date_ts":1738195200000,"profit_abs":0.0,"wins":0,"draws":0,"losses":0,"trades":0,"profit_factor":0.0},{"date":"31/01/2025","date_ts":1738281600000,"profit_abs":-38.78445259,"wins":0,"draws":0,"losses":1,"trades":1,"profit_factor":0.0},{"date":"01/02/2025","date_ts":1738368000000,"profit_abs":0.0,"wins":0,"draws":0,"losses":0,"trades":0,"profit_factor":0.0},{"date":"02/02/2025","date_ts":1738454400000,"profit_abs":0.0,"wins":0,"draws":0,"losses":0,"trades":0,"profit_factor":0.0},{"date":"03/02/2025","date_ts":1738540800000,"profit_abs":0.0,"wins":0,"draws":0,"losses":0,"trades":0,"profit_factor":0.0},{"date":"04/02/2025","date_ts":1738627200000,"profit_abs":0.0,"wins":0,"draws":0,"losses":0,"trades":0,"profit_factor":0.0},{"date":"05/02/2025","date_ts":1738713600000,"profit_abs":0.0,"wins":0,"draws":0,"losses":0,"trades":0,"profit_factor":0.0},{"date":"06/02/2025","date_ts":1738800000000,"profit_abs":0.0,"wins":0,"draws":0,"losses":0,"trades":0,"profit_factor":0.0},{"date":"07/02/2025","date_ts":1738886400000,"profit_abs":0.0,"wins":0,"draws":0,"losses":0,"trades":0,"profit_factor":0.0},{"date":"08/02/2025","date_ts":1738972800000,"profit_abs":0.0,"wins":0,"draws":0,"losses":0,"trades":0,"profit_factor":0.0},{"date":"09/02/2025","date_ts":1739059200000,"profit_abs":0.0,"wins":0,"draws":0,"losses":0,"trades":0,"profit_factor":0.0},{"date":"10/02/2025","date_ts":1739145600000,"profit_abs":0.0,"wins":0,"draws":0,"losses":0,"trades":0,"profit_factor":0.0},{"date":"11/02/2025","date_ts":1739232000000,"profit_abs":0.0,"wins":0,"draws":0,"losses":0,"trades":0,"profit_factor":0.0},{"date":"12/02/2025","date_ts":1739318400000,"profit_abs":0.0,"wins":0,"draws":0,"losses":0,"trades":0,"profit_factor":0.0},{"date":"13/02/2025","date_ts":1739404800000,"profit_abs":0.0,"wins":0,"draws":0,"losses":0,"trades":0,"profit_factor":0.0},{"date":"14/02/2025","date_ts":1739491200000,"profit_abs":0.0,"wins":0,"draws":0,"losses":0,"trades":0,"profit_factor":0.0},{"date":"15/02/2025","date_ts":1739577600000,"profit_abs":0.0,"wins":0,"draws":0,"losses":0,"trades":0,"profit_factor":0.0},{"date":"16/02/2025","date_ts":1739664000000,"profit_abs":-47.88031524,"wins":0,"draws":0,"losses":1,"trades":1,"profit_factor":0.0},{"date":"17/02/2025","date_ts":1739750400000,"profit_abs":0.0,"wins":0,"draws":0,"losses":0,"trades":0,"profit_factor":0.0},{"date":"18/02/2025","date_ts":1739836800000,"profit_abs":0.0,"wins":0,"draws":0,"losses":0,"trades":0,"profit_factor":0.0},{"date":"19/02/2025","date_ts":1739923200000,"profit_abs":0.0,"wins":0,"draws":0,"losses":0,"trades":0,"profit_factor":0.0},{"date":"20/02/2025","date_ts":1740009600000,"profit_abs":0.0,"wins":0,"draws":0,"losses":0,"trades":0,"profit_factor":0.0},{"date":"21/02/2025","date_ts":1740096000000,"profit_abs":0.0,"wins":0,"draws":0,"losses":0,"trades":0,"profit_factor":0.0},{"date":"22/02/2025","date_ts":1740182400000,"profit_abs":0.0,"wins":0,"draws":0,"losses":0,"trades":0,"profit_factor":0.0},{"date":"23/02/2025","date_ts":1740268800000,"profit_abs":0.0,"wins":0,"draws":0,"losses":0,"trades":0,"profit_factor":0.0},{"date":"24/02/2025","date_ts":1740355200000,"profit_abs":0.0,"wins":0,"draws":0,"losses":0,"trades":0,"profit_factor":0.0},{"date":"25/02/2025","date_ts":1740441600000,"profit_abs":0.0,"wins":0,"draws":0,"losses":0,"trades":0,"profit_factor":0.0},{"date":"26/02/2025","date_ts":1740528000000,"profit_abs":0.0,"wins":0,"draws":0,"losses":0,"trades":0,"profit_factor":0.0},{"date":"27/02/2025","date_ts":1740614400000,"profit_abs":0.0,"wins":0,"draws":0,"losses":0,"trades":0,"profit_factor":0.0},{"date":"28/02/2025","date_ts":1740700800000,"profit_abs":0.0,"wins":0,"draws":0,"losses":0,"trades":0,"profit_factor":0.0},{"date":"01/03/2025","date_ts":1740787200000,"profit_abs":0.0,"wins":0,"draws":0,"losses":0,"trades":0,"profit_factor":0.0},{"date":"02/03/2025","date_ts":1740873600000,"profit_abs":0.0,"wins":0,"draws":0,"losses":0,"trades":0,"profit_factor":0.0},{"date":"03/03/2025","date_ts":1740960000000,"profit_abs":0.0,"wins":0,"draws":0,"losses":0,"trades":0,"profit_factor":0.0},{"date":"04/03/2025","date_ts":1741046400000,"profit_abs":0.0,"wins":0,"draws":0,"losses":0,"trades":0,"profit_factor":0.0},{"date":"05/03/2025","date_ts":1741132800000,"profit_abs":0.0,"wins":0,"draws":0,"losses":0,"trades":0,"profit_factor":0.0},{"date":"06/03/2025","date_ts":1741219200000,"profit_abs":0.0,"wins":0,"draws":0,"losses":0,"trades":0,"profit_factor":0.0},{"date":"07/03/2025","date_ts":1741305600000,"profit_abs":0.0,"wins":0,"draws":0,"losses":0,"trades":0,"profit_factor":0.0},{"date":"08/03/2025","date_ts":1741392000000,"profit_abs":0.0,"wins":0,"draws":0,"losses":0,"trades":0,"profit_factor":0.0},{"date":"09/03/2025","date_ts":1741478400000,"profit_abs":0.0,"wins":0,"draws":0,"losses":0,"trades":0,"profit_factor":0.0},{"date":"10/03/2025","date_ts":1741564800000,"profit_abs":0.0,"wins":0,"draws":0,"losses":0,"trades":0,"profit_factor":0.0},{"date":"11/03/2025","date_ts":1741651200000,"profit_abs":0.0,"wins":0,"draws":0,"losses":0,"trades":0,"profit_factor":0.0},{"date":"12/03/2025","date_ts":1741737600000,"profit_abs":0.0,"wins":0,"draws":0,"losses":0,"trades":0,"profit_factor":0.0},{"date":"13/03/2025","date_ts":1741824000000,"profit_abs":0.0,"wins":0,"draws":0,"losses":0,"trades":0,"profit_factor":0.0},{"date":"14/03/2025","date_ts":1741910400000,"profit_abs":0.0,"wins":0,"draws":0,"losses":0,"trades":0,"profit_factor":0.0},{"date":"15/03/2025","date_ts":1741996800000,"profit_abs":0.0,"wins":0,"draws":0,"losses":0,"trades":0,"profit_factor":0.0},{"date":"16/03/2025","date_ts":1742083200000,"profit_abs":0.0,"wins":0,"draws":0,"losses":0,"trades":0,"profit_factor":0.0},{"date":"17/03/2025","date_ts":1742169600000,"profit_abs":-162.99357978,"wins":0,"draws":0,"losses":1,"trades":1,"profit_factor":0.0},{"date":"18/03/2025","date_ts":1742256000000,"profit_abs":0.0,"wins":0,"draws":0,"losses":0,"trades":0,"profit_factor":0.0},{"date":"19/03/2025","date_ts":1742342400000,"profit_abs":0.0,"wins":0,"draws":0,"losses":0,"trades":0,"profit_factor":0.0},{"date":"20/03/2025","date_ts":1742428800000,"profit_abs":0.0,"wins":0,"draws":0,"losses":0,"trades":0,"profit_factor":0.0},{"date":"21/03/2025","date_ts":1742515200000,"profit_abs":0.0,"wins":0,"draws":0,"losses":0,"trades":0,"profit_factor":0.0},{"date":"22/03/2025","date_ts":1742601600000,"profit_abs":0.0,"wins":0,"draws":0,"losses":0,"trades":0,"profit_factor":0.0},{"date":"23/03/2025","date_ts":1742688000000,"profit_abs":0.0,"wins":0,"draws":0,"losses":0,"trades":0,"profit_factor":0.0},{"date":"24/03/2025","date_ts":1742774400000,"profit_abs":0.0,"wins":0,"draws":0,"losses":0,"trades":0,"profit_factor":0.0},{"date":"25/03/2025","date_ts":1742860800000,"profit_abs":0.0,"wins":0,"draws":0,"losses":0,"trades":0,"profit_factor":0.0},{"date":"26/03/2025","date_ts":1742947200000,"profit_abs":0.0,"wins":0,"draws":0,"losses":0,"trades":0,"profit_factor":0.0},{"date":"27/03/2025","date_ts":1743033600000,"profit_abs":0.0,"wins":0,"draws":0,"losses":0,"trades":0,"profit_factor":0.0},{"date":"28/03/2025","date_ts":1743120000000,"profit_abs":0.0,"wins":0,"draws":0,"losses":0,"trades":0,"profit_factor":0.0},{"date":"29/03/2025","date_ts":1743206400000,"profit_abs":0.0,"wins":0,"draws":0,"losses":0,"trades":0,"profit_factor":0.0},{"date":"30/03/2025","date_ts":1743292800000,"profit_abs":0.0,"wins":0,"draws":0,"losses":0,"trades":0,"profit_factor":0.0},{"date":"31/03/2025","date_ts":1743379200000,"profit_abs":0.0,"wins":0,"draws":0,"losses":0,"trades":0,"profit_factor":0.0},{"date":"01/04/2025","date_ts":1743465600000,"profit_abs":0.0,"wins":0,"draws":0,"losses":0,"trades":0,"profit_factor":0.0},{"date":"02/04/2025","date_ts":1743552000000,"profit_abs":0.0,"wins":0,"draws":0,"losses":0,"trades":0,"profit_factor":0.0},{"date":"03/04/2025","date_ts":1743638400000,"profit_abs":0.0,"wins":0,"draws":0,"losses":0,"trades":0,"profit_factor":0.0},{"date":"04/04/2025","date_ts":1743724800000,"profit_abs":0.0,"wins":0,"draws":0,"losses":0,"trades":0,"profit_factor":0.0},{"date":"05/04/2025","date_ts":1743811200000,"profit_abs":-283.17869965,"wins":0,"draws":0,"losses":1,"trades":1,"profit_factor":0.0},{"date":"06/04/2025","date_ts":1743897600000,"profit_abs":0.0,"wins":0,"draws":0,"losses":0,"trades":0,"profit_factor":0.0},{"date":"07/04/2025","date_ts":1743984000000,"profit_abs":0.0,"wins":0,"draws":0,"losses":0,"trades":0,"profit_factor":0.0},{"date":"08/04/2025","date_ts":1744070400000,"profit_abs":0.0,"wins":0,"draws":0,"losses":0,"trades":0,"profit_factor":0.0},{"date":"09/04/2025","date_ts":1744156800000,"profit_abs":0.0,"wins":0,"draws":0,"losses":0,"trades":0,"profit_factor":0.0},{"date":"10/04/2025","date_ts":1744243200000,"profit_abs":0.0,"wins":0,"draws":0,"losses":0,"trades":0,"profit_factor":0.0},{"date":"11/04/2025","date_ts":1744329600000,"profit_abs":0.0,"wins":0,"draws":0,"losses":0,"trades":0,"profit_factor":0.0},{"date":"12/04/2025","date_ts":1744416000000,"profit_abs":0.0,"wins":0,"draws":0,"losses":0,"trades":0,"profit_factor":0.0},{"date":"13/04/2025","date_ts":1744502400000,"profit_abs":0.0,"wins":0,"draws":0,"losses":0,"trades":0,"profit_factor":0.0},{"date":"14/04/2025","date_ts":1744588800000,"profit_abs":0.0,"wins":0,"draws":0,"losses":0,"trades":0,"profit_factor":0.0},{"date":"15/04/2025","date_ts":1744675200000,"profit_abs":0.0,"wins":0,"draws":0,"losses":0,"trades":0,"profit_factor":0.0},{"date":"16/04/2025","date_ts":1744761600000,"profit_abs":0.0,"wins":0,"draws":0,"losses":0,"trades":0,"profit_factor":0.0},{"date":"17/04/2025","date_ts":1744848000000,"profit_abs":0.0,"wins":0,"draws":0,"losses":0,"trades":0,"profit_factor":0.0},{"date":"18/04/2025","date_ts":1744934400000,"profit_abs":0.0,"wins":0,"draws":0,"losses":0,"trades":0,"profit_factor":0.0},{"date":"19/04/2025","date_ts":1745020800000,"profit_abs":0.0,"wins":0,"draws":0,"losses":0,"trades":0,"profit_factor":0.0},{"date":"20/04/2025","date_ts":1745107200000,"profit_abs":0.0,"wins":0,"draws":0,"losses":0,"trades":0,"profit_factor":0.0},{"date":"21/04/2025","date_ts":1745193600000,"profit_abs":0.0,"wins":0,"draws":0,"losses":0,"trades":0,"profit_factor":0.0},{"date":"22/04/2025","date_ts":1745280000000,"profit_abs":0.0,"wins":0,"draws":0,"losses":0,"trades":0,"profit_factor":0.0},{"date":"23/04/2025","date_ts":1745366400000,"profit_abs":0.0,"wins":0,"draws":0,"losses":0,"trades":0,"profit_factor":0.0},{"date":"24/04/2025","date_ts":1745452800000,"profit_abs":0.0,"wins":0,"draws":0,"losses":0,"trades":0,"profit_factor":0.0},{"date":"25/04/2025","date_ts":1745539200000,"profit_abs":0.0,"wins":0,"draws":0,"losses":0,"trades":0,"profit_factor":0.0},{"date":"26/04/2025","date_ts":1745625600000,"profit_abs":0.0,"wins":0,"draws":0,"losses":0,"trades":0,"profit_factor":0.0},{"date":"27/04/2025","date_ts":1745712000000,"profit_abs":0.0,"wins":0,"draws":0,"losses":0,"trades":0,"profit_factor":0.0},{"date":"28/04/2025","date_ts":1745798400000,"profit_abs":0.0,"wins":0,"draws":0,"losses":0,"trades":0,"profit_factor":0.0},{"date":"29/04/2025","date_ts":1745884800000,"profit_abs":0.0,"wins":0,"draws":0,"losses":0,"trades":0,"profit_factor":0.0},{"date":"30/04/2025","date_ts":1745971200000,"profit_abs":0.0,"wins":0,"draws":0,"losses":0,"trades":0,"profit_factor":0.0},{"date":"01/05/2025","date_ts":1746057600000,"profit_abs":0.0,"wins":0,"draws":0,"losses":0,"trades":0,"profit_factor":0.0},{"date":"02/05/2025","date_ts":1746144000000,"profit_abs":0.0,"wins":0,"draws":0,"losses":0,"trades":0,"profit_factor":0.0},{"date":"03/05/2025","date_ts":1746230400000,"profit_abs":0.0,"wins":0,"draws":0,"losses":0,"trades":0,"profit_factor":0.0},{"date":"04/05/2025","date_ts":1746316800000,"profit_abs":0.0,"wins":0,"draws":0,"losses":0,"trades":0,"profit_factor":0.0},{"date":"05/05/2025","date_ts":1746403200000,"profit_abs":0.0,"wins":0,"draws":0,"losses":0,"trades":0,"profit_factor":0.0},{"date":"06/05/2025","date_ts":1746489600000,"profit_abs":1366.99866302,"wins":1,"draws":0,"losses":0,"trades":1,"profit_factor":0.0},{"date":"07/05/2025","date_ts":1746576000000,"profit_abs":0.0,"wins":0,"draws":0,"losses":0,"trades":0,"profit_factor":0.0},{"date":"08/05/2025","date_ts":1746662400000,"profit_abs":0.0,"wins":0,"draws":0,"losses":0,"trades":0,"profit_factor":0.0},{"date":"09/05/2025","date_ts":1746748800000,"profit_abs":0.0,"wins":0,"draws":0,"losses":0,"trades":0,"profit_factor":0.0},{"date":"10/05/2025","date_ts":1746835200000,"profit_abs":0.0,"wins":0,"draws":0,"losses":0,"trades":0,"profit_factor":0.0},{"date":"11/05/2025","date_ts":1746921600000,"profit_abs":0.0,"wins":0,"draws":0,"losses":0,"trades":0,"profit_factor":0.0},{"date":"12/05/2025","date_ts":1747008000000,"profit_abs":0.0,"wins":0,"draws":0,"losses":0,"trades":0,"profit_factor":0.0},{"date":"13/05/2025","date_ts":1747094400000,"profit_abs":0.0,"wins":0,"draws":0,"losses":0,"trades":0,"profit_factor":0.0},{"date":"14/05/2025","date_ts":1747180800000,"profit_abs":0.0,"wins":0,"draws":0,"losses":0,"trades":0,"profit_factor":0.0},{"date":"15/05/2025","date_ts":1747267200000,"profit_abs":0.0,"wins":0,"draws":0,"losses":0,"trades":0,"profit_factor":0.0},{"date":"16/05/2025","date_ts":1747353600000,"profit_abs":0.0,"wins":0,"draws":0,"losses":0,"trades":0,"profit_factor":0.0},{"date":"17/05/2025","date_ts":1747440000000,"profit_abs":0.0,"wins":0,"draws":0,"losses":0,"trades":0,"profit_factor":0.0},{"date":"18/05/2025","date_ts":1747526400000,"profit_abs":0.0,"wins":0,"draws":0,"losses":0,"trades":0,"profit_factor":0.0},{"date":"19/05/2025","date_ts":1747612800000,"profit_abs":517.31805316,"wins":1,"draws":0,"losses":0,"trades":1,"profit_factor":0.0},{"date":"20/05/2025","date_ts":1747699200000,"profit_abs":0.0,"wins":0,"draws":0,"losses":0,"trades":0,"profit_factor":0.0},{"date":"21/05/2025","date_ts":1747785600000,"profit_abs":0.0,"wins":0,"draws":0,"losses":0,"trades":0,"profit_factor":0.0},{"date":"22/05/2025","date_ts":1747872000000,"profit_abs":0.0,"wins":0,"draws":0,"losses":0,"trades":0,"profit_factor":0.0},{"date":"23/05/2025","date_ts":1747958400000,"profit_abs":0.0,"wins":0,"draws":0,"losses":0,"trades":0,"profit_factor":0.0},{"date":"24/05/2025","date_ts":1748044800000,"profit_abs":0.0,"wins":0,"draws":0,"losses":0,"trades":0,"profit_factor":0.0},{"date":"25/05/2025","date_ts":1748131200000,"profit_abs":396.54869684,"wins":1,"draws":0,"losses":0,"trades":1,"profit_factor":0.0},{"date":"26/05/2025","date_ts":1748217600000,"profit_abs":0.0,"wins":0,"draws":0,"losses":0,"trades":0,"profit_factor":0.0},{"date":"27/05/2025","date_ts":1748304000000,"profit_abs":0.0,"wins":0,"draws":0,"losses":0,"trades":0,"profit_factor":0.0},{"date":"28/05/2025","date_ts":1748390400000,"profit_abs":0.0,"wins":0,"draws":0,"losses":0,"trades":0,"profit_factor":0.0},{"date":"29/05/2025","date_ts":1748476800000,"profit_abs":-62.00914921,"wins":0,"draws":0,"losses":1,"trades":1,"profit_factor":0.0},{"date":"30/05/2025","date_ts":1748563200000,"profit_abs":0.0,"wins":0,"draws":0,"losses":0,"trades":0,"profit_factor":0.0},{"date":"31/05/2025","date_ts":1748649600000,"profit_abs":0.0,"wins":0,"draws":0,"losses":0,"trades":0,"profit_factor":0.0},{"date":"01/06/2025","date_ts":1748736000000,"profit_abs":0.0,"wins":0,"draws":0,"losses":0,"trades":0,"profit_factor":0.0},{"date":"02/06/2025","date_ts":1748822400000,"profit_abs":0.0,"wins":0,"draws":0,"losses":0,"trades":0,"profit_factor":0.0},{"date":"03/06/2025","date_ts":1748908800000,"profit_abs":0.0,"wins":0,"draws":0,"losses":0,"trades":0,"profit_factor":0.0},{"date":"04/06/2025","date_ts":1748995200000,"profit_abs":0.0,"wins":0,"draws":0,"losses":0,"trades":0,"profit_factor":0.0},{"date":"05/06/2025","date_ts":1749081600000,"profit_abs":0.0,"wins":0,"draws":0,"losses":0,"trades":0,"profit_factor":0.0},{"date":"06/06/2025","date_ts":1749168000000,"profit_abs":0.0,"wins":0,"draws":0,"losses":0,"trades":0,"profit_factor":0.0},{"date":"07/06/2025","date_ts":1749254400000,"profit_abs":-80.69702049,"wins":0,"draws":0,"losses":1,"trades":1,"profit_factor":0.0},{"date":"08/06/2025","date_ts":1749340800000,"profit_abs":0.0,"wins":0,"draws":0,"losses":0,"trades":0,"profit_factor":0.0},{"date":"09/06/2025","date_ts":1749427200000,"profit_abs":0.0,"wins":0,"draws":0,"losses":0,"trades":0,"profit_factor":0.0},{"date":"10/06/2025","date_ts":1749513600000,"profit_abs":0.0,"wins":0,"draws":0,"losses":0,"trades":0,"profit_factor":0.0},{"date":"11/06/2025","date_ts":1749600000000,"profit_abs":0.0,"wins":0,"draws":0,"losses":0,"trades":0,"profit_factor":0.0},{"date":"12/06/2025","date_ts":1749686400000,"profit_abs":0.0,"wins":0,"draws":0,"losses":0,"trades":0,"profit_factor":0.0},{"date":"13/06/2025","date_ts":1749772800000,"profit_abs":0.0,"wins":0,"draws":0,"losses":0,"trades":0,"profit_factor":0.0},{"date":"14/06/2025","date_ts":1749859200000,"profit_abs":1.83417107,"wins":1,"draws":0,"losses":0,"trades":1,"profit_factor":0.0},{"date":"15/06/2025","date_ts":1749945600000,"profit_abs":0.0,"wins":0,"draws":0,"losses":0,"trades":0,"profit_factor":0.0},{"date":"16/06/2025","date_ts":1750032000000,"profit_abs":0.0,"wins":0,"draws":0,"losses":0,"trades":0,"profit_factor":0.0},{"date":"17/06/2025","date_ts":1750118400000,"profit_abs":0.0,"wins":0,"draws":0,"losses":0,"trades":0,"profit_factor":0.0},{"date":"18/06/2025","date_ts":1750204800000,"profit_abs":0.0,"wins":0,"draws":0,"losses":0,"trades":0,"profit_factor":0.0},{"date":"19/06/2025","date_ts":1750291200000,"profit_abs":0.0,"wins":0,"draws":0,"losses":0,"trades":0,"profit_factor":0.0},{"date":"20/06/2025","date_ts":1750377600000,"profit_abs":-212.81069412,"wins":0,"draws":0,"losses":1,"trades":1,"profit_factor":0.0},{"date":"21/06/2025","date_ts":1750464000000,"profit_abs":0.0,"wins":0,"draws":0,"losses":0,"trades":0,"profit_factor":0.0},{"date":"22/06/2025","date_ts":1750550400000,"profit_abs":0.0,"wins":0,"draws":0,"losses":0,"trades":0,"profit_factor":0.0},{"date":"23/06/2025","date_ts":1750636800000,"profit_abs":0.0,"wins":0,"draws":0,"losses":0,"trades":0,"profit_factor":0.0},{"date":"24/06/2025","date_ts":1750723200000,"profit_abs":0.0,"wins":0,"draws":0,"losses":0,"trades":0,"profit_factor":0.0},{"date":"25/06/2025","date_ts":1750809600000,"profit_abs":0.0,"wins":0,"draws":0,"losses":0,"trades":0,"profit_factor":0.0},{"date":"26/06/2025","date_ts":1750896000000,"profit_abs":0.0,"wins":0,"draws":0,"losses":0,"trades":0,"profit_factor":0.0},{"date":"27/06/2025","date_ts":1750982400000,"profit_abs":0.0,"wins":0,"draws":0,"losses":0,"trades":0,"profit_factor":0.0},{"date":"28/06/2025","date_ts":1751068800000,"profit_abs":0.0,"wins":0,"draws":0,"losses":0,"trades":0,"profit_factor":0.0},{"date":"29/06/2025","date_ts":1751155200000,"profit_abs":0.0,"wins":0,"draws":0,"losses":0,"trades":0,"profit_factor":0.0},{"date":"30/06/2025","date_ts":1751241600000,"profit_abs":0.0,"wins":0,"draws":0,"losses":0,"trades":0,"profit_factor":0.0},{"date":"01/07/2025","date_ts":1751328000000,"profit_abs":0.0,"wins":0,"draws":0,"losses":0,"trades":0,"profit_factor":0.0},{"date":"02/07/2025","date_ts":1751414400000,"profit_abs":0.0,"wins":0,"draws":0,"losses":0,"trades":0,"profit_factor":0.0},{"date":"03/07/2025","date_ts":1751500800000,"profit_abs":0.0,"wins":0,"draws":0,"losses":0,"trades":0,"profit_factor":0.0},{"date":"04/07/2025","date_ts":1751587200000,"profit_abs":0.0,"wins":0,"draws":0,"losses":0,"trades":0,"profit_factor":0.0},{"date":"05/07/2025","date_ts":1751673600000,"profit_abs":0.0,"wins":0,"draws":0,"losses":0,"trades":0,"profit_factor":0.0},{"date":"06/07/2025","date_ts":1751760000000,"profit_abs":0.0,"wins":0,"draws":0,"losses":0,"trades":0,"profit_factor":0.0},{"date":"07/07/2025","date_ts":1751846400000,"profit_abs":0.0,"wins":0,"draws":0,"losses":0,"trades":0,"profit_factor":0.0},{"date":"08/07/2025","date_ts":1751932800000,"profit_abs":0.0,"wins":0,"draws":0,"losses":0,"trades":0,"profit_factor":0.0},{"date":"09/07/2025","date_ts":1752019200000,"profit_abs":0.0,"wins":0,"draws":0,"losses":0,"trades":0,"profit_factor":0.0},{"date":"10/07/2025","date_ts":1752105600000,"profit_abs":0.0,"wins":0,"draws":0,"losses":0,"trades":0,"profit_factor":0.0},{"date":"11/07/2025","date_ts":1752192000000,"profit_abs":0.0,"wins":0,"draws":0,"losses":0,"trades":0,"profit_factor":0.0},{"date":"12/07/2025","date_ts":1752278400000,"profit_abs":0.0,"wins":0,"draws":0,"losses":0,"trades":0,"profit_factor":0.0},{"date":"13/07/2025","date_ts":1752364800000,"profit_abs":0.0,"wins":0,"draws":0,"losses":0,"trades":0,"profit_factor":0.0},{"date":"14/07/2025","date_ts":1752451200000,"profit_abs":0.0,"wins":0,"draws":0,"losses":0,"trades":0,"profit_factor":0.0},{"date":"15/07/2025","date_ts":1752537600000,"profit_abs":0.0,"wins":0,"draws":0,"losses":0,"trades":0,"profit_factor":0.0},{"date":"16/07/2025","date_ts":1752624000000,"profit_abs":0.0,"wins":0,"draws":0,"losses":0,"trades":0,"profit_factor":0.0},{"date":"17/07/2025","date_ts":1752710400000,"profit_abs":0.0,"wins":0,"draws":0,"losses":0,"trades":0,"profit_factor":0.0},{"date":"18/07/2025","date_ts":1752796800000,"profit_abs":0.0,"wins":0,"draws":0,"losses":0,"trades":0,"profit_factor":0.0},{"date":"19/07/2025","date_ts":1752883200000,"profit_abs":0.0,"wins":0,"draws":0,"losses":0,"trades":0,"profit_factor":0.0},{"date":"20/07/2025","date_ts":1752969600000,"profit_abs":1101.44183828,"wins":1,"draws":0,"losses":0,"trades":1,"profit_factor":0.0},{"date":"21/07/2025","date_ts":1753056000000,"profit_abs":0.0,"wins":0,"draws":0,"losses":0,"trades":0,"profit_factor":0.0},{"date":"22/07/2025","date_ts":1753142400000,"profit_abs":0.0,"wins":0,"draws":0,"losses":0,"trades":0,"profit_factor":0.0},{"date":"23/07/2025","date_ts":1753228800000,"profit_abs":0.0,"wins":0,"draws":0,"losses":0,"trades":0,"profit_factor":0.0},{"date":"24/07/2025","date_ts":1753315200000,"profit_abs":0.0,"wins":0,"draws":0,"losses":0,"trades":0,"profit_factor":0.0},{"date":"25/07/2025","date_ts":1753401600000,"profit_abs":0.0,"wins":0,"draws":0,"losses":0,"trades":0,"profit_factor":0.0},{"date":"26/07/2025","date_ts":1753488000000,"profit_abs":0.0,"wins":0,"draws":0,"losses":0,"trades":0,"profit_factor":0.0},{"date":"27/07/2025","date_ts":1753574400000,"profit_abs":0.0,"wins":0,"draws":0,"losses":0,"trades":0,"profit_factor":0.0},{"date":"28/07/2025","date_ts":1753660800000,"profit_abs":-41.18447481,"wins":0,"draws":0,"losses":1,"trades":1,"profit_factor":0.0},{"date":"29/07/2025","date_ts":1753747200000,"profit_abs":0.0,"wins":0,"draws":0,"losses":0,"trades":0,"profit_factor":0.0},{"date":"30/07/2025","date_ts":1753833600000,"profit_abs":-238.25189813,"wins":0,"draws":0,"losses":1,"trades":1,"profit_factor":0.0},{"date":"31/07/2025","date_ts":1753920000000,"profit_abs":-71.27066559,"wins":0,"draws":0,"losses":1,"trades":1,"profit_factor":0.0},{"date":"01/08/2025","date_ts":1754006400000,"profit_abs":0.0,"wins":0,"draws":0,"losses":0,"trades":0,"profit_factor":0.0},{"date":"02/08/2025","date_ts":1754092800000,"profit_abs":0.0,"wins":0,"draws":0,"losses":0,"trades":0,"profit_factor":0.0},{"date":"03/08/2025","date_ts":1754179200000,"profit_abs":0.0,"wins":0,"draws":0,"losses":0,"trades":0,"profit_factor":0.0},{"date":"04/08/2025","date_ts":1754265600000,"profit_abs":0.0,"wins":0,"draws":0,"losses":0,"trades":0,"profit_factor":0.0},{"date":"05/08/2025","date_ts":1754352000000,"profit_abs":0.0,"wins":0,"draws":0,"losses":0,"trades":0,"profit_factor":0.0},{"date":"06/08/2025","date_ts":1754438400000,"profit_abs":0.0,"wins":0,"draws":0,"losses":0,"trades":0,"profit_factor":0.0},{"date":"07/08/2025","date_ts":1754524800000,"profit_abs":0.0,"wins":0,"draws":0,"losses":0,"trades":0,"profit_factor":0.0},{"date":"08/08/2025","date_ts":1754611200000,"profit_abs":0.0,"wins":0,"draws":0,"losses":0,"trades":0,"profit_factor":0.0},{"date":"09/08/2025","date_ts":1754697600000,"profit_abs":0.0,"wins":0,"draws":0,"losses":0,"trades":0,"profit_factor":0.0},{"date":"10/08/2025","date_ts":1754784000000,"profit_abs":0.0,"wins":0,"draws":0,"losses":0,"trades":0,"profit_factor":0.0},{"date":"11/08/2025","date_ts":1754870400000,"profit_abs":0.0,"wins":0,"draws":0,"losses":0,"trades":0,"profit_factor":0.0},{"date":"12/08/2025","date_ts":1754956800000,"profit_abs":0.0,"wins":0,"draws":0,"losses":0,"trades":0,"profit_factor":0.0},{"date":"13/08/2025","date_ts":1755043200000,"profit_abs":0.0,"wins":0,"draws":0,"losses":0,"trades":0,"profit_factor":0.0},{"date":"14/08/2025","date_ts":1755129600000,"profit_abs":0.0,"wins":0,"draws":0,"losses":0,"trades":0,"profit_factor":0.0},{"date":"15/08/2025","date_ts":1755216000000,"profit_abs":0.0,"wins":0,"draws":0,"losses":0,"trades":0,"profit_factor":0.0},{"date":"16/08/2025","date_ts":1755302400000,"profit_abs":0.0,"wins":0,"draws":0,"losses":0,"trades":0,"profit_factor":0.0},{"date":"17/08/2025","date_ts":1755388800000,"profit_abs":39.602762,"wins":1,"draws":0,"losses":0,"trades":1,"profit_factor":0.0},{"date":"18/08/2025","date_ts":1755475200000,"profit_abs":0.0,"wins":0,"draws":0,"losses":0,"trades":0,"profit_factor":0.0},{"date":"19/08/2025","date_ts":1755561600000,"profit_abs":0.0,"wins":0,"draws":0,"losses":0,"trades":0,"profit_factor":0.0},{"date":"20/08/2025","date_ts":1755648000000,"profit_abs":0.0,"wins":0,"draws":0,"losses":0,"trades":0,"profit_factor":0.0},{"date":"21/08/2025","date_ts":1755734400000,"profit_abs":0.0,"wins":0,"draws":0,"losses":0,"trades":0,"profit_factor":0.0},{"date":"22/08/2025","date_ts":1755820800000,"profit_abs":0.0,"wins":0,"draws":0,"losses":0,"trades":0,"profit_factor":0.0},{"date":"23/08/2025","date_ts":1755907200000,"profit_abs":0.0,"wins":0,"draws":0,"losses":0,"trades":0,"profit_factor":0.0},{"date":"24/08/2025","date_ts":1755993600000,"profit_abs":0.0,"wins":0,"draws":0,"losses":0,"trades":0,"profit_factor":0.0},{"date":"25/08/2025","date_ts":1756080000000,"profit_abs":0.0,"wins":0,"draws":0,"losses":0,"trades":0,"profit_factor":0.0},{"date":"26/08/2025","date_ts":1756166400000,"profit_abs":0.0,"wins":0,"draws":0,"losses":0,"trades":0,"profit_factor":0.0},{"date":"27/08/2025","date_ts":1756252800000,"profit_abs":0.0,"wins":0,"draws":0,"losses":0,"trades":0,"profit_factor":0.0},{"date":"28/08/2025","date_ts":1756339200000,"profit_abs":0.0,"wins":0,"draws":0,"losses":0,"trades":0,"profit_factor":0.0},{"date":"29/08/2025","date_ts":1756425600000,"profit_abs":-447.4466925,"wins":0,"draws":0,"losses":1,"trades":1,"profit_factor":0.0},{"date":"30/08/2025","date_ts":1756512000000,"profit_abs":0.0,"wins":0,"draws":0,"losses":0,"trades":0,"profit_factor":0.0},{"date":"31/08/2025","date_ts":1756598400000,"profit_abs":0.0,"wins":0,"draws":0,"losses":0,"trades":0,"profit_factor":0.0},{"date":"01/09/2025","date_ts":1756684800000,"profit_abs":0.0,"wins":0,"draws":0,"losses":0,"trades":0,"profit_factor":0.0},{"date":"02/09/2025","date_ts":1756771200000,"profit_abs":0.0,"wins":0,"draws":0,"losses":0,"trades":0,"profit_factor":0.0},{"date":"03/09/2025","date_ts":1756857600000,"profit_abs":0.0,"wins":0,"draws":0,"losses":0,"trades":0,"profit_factor":0.0},{"date":"04/09/2025","date_ts":1756944000000,"profit_abs":0.0,"wins":0,"draws":0,"losses":0,"trades":0,"profit_factor":0.0},{"date":"05/09/2025","date_ts":1757030400000,"profit_abs":0.0,"wins":0,"draws":0,"losses":0,"trades":0,"profit_factor":0.0},{"date":"06/09/2025","date_ts":1757116800000,"profit_abs":-73.1251939,"wins":0,"draws":0,"losses":1,"trades":1,"profit_factor":0.0},{"date":"07/09/2025","date_ts":1757203200000,"profit_abs":0.0,"wins":0,"draws":0,"losses":0,"trades":0,"profit_factor":0.0},{"date":"08/09/2025","date_ts":1757289600000,"profit_abs":0.0,"wins":0,"draws":0,"losses":0,"trades":0,"profit_factor":0.0},{"date":"09/09/2025","date_ts":1757376000000,"profit_abs":0.0,"wins":0,"draws":0,"losses":0,"trades":0,"profit_factor":0.0},{"date":"10/09/2025","date_ts":1757462400000,"profit_abs":-73.93534854,"wins":0,"draws":0,"losses":1,"trades":1,"profit_factor":0.0},{"date":"11/09/2025","date_ts":1757548800000,"profit_abs":0.0,"wins":0,"draws":0,"losses":0,"trades":0,"profit_factor":0.0},{"date":"12/09/2025","date_ts":1757635200000,"profit_abs":0.0,"wins":0,"draws":0,"losses":0,"trades":0,"profit_factor":0.0},{"date":"13/09/2025","date_ts":1757721600000,"profit_abs":0.0,"wins":0,"draws":0,"losses":0,"trades":0,"profit_factor":0.0},{"date":"14/09/2025","date_ts":1757808000000,"profit_abs":0.0,"wins":0,"draws":0,"losses":0,"trades":0,"profit_factor":0.0},{"date":"15/09/2025","date_ts":1757894400000,"profit_abs":0.0,"wins":0,"draws":0,"losses":0,"trades":0,"profit_factor":0.0},{"date":"16/09/2025","date_ts":1757980800000,"profit_abs":0.0,"wins":0,"draws":0,"losses":0,"trades":0,"profit_factor":0.0},{"date":"17/09/2025","date_ts":1758067200000,"profit_abs":0.0,"wins":0,"draws":0,"losses":0,"trades":0,"profit_factor":0.0},{"date":"18/09/2025","date_ts":1758153600000,"profit_abs":0.0,"wins":0,"draws":0,"losses":0,"trades":0,"profit_factor":0.0},{"date":"19/09/2025","date_ts":1758240000000,"profit_abs":0.0,"wins":0,"draws":0,"losses":0,"trades":0,"profit_factor":0.0},{"date":"20/09/2025","date_ts":1758326400000,"profit_abs":0.0,"wins":0,"draws":0,"losses":0,"trades":0,"profit_factor":0.0},{"date":"21/09/2025","date_ts":1758412800000,"profit_abs":356.59691978,"wins":1,"draws":0,"losses":0,"trades":1,"profit_factor":0.0},{"date":"22/09/2025","date_ts":1758499200000,"profit_abs":0.0,"wins":0,"draws":0,"losses":0,"trades":0,"profit_factor":0.0},{"date":"23/09/2025","date_ts":1758585600000,"profit_abs":0.0,"wins":0,"draws":0,"losses":0,"trades":0,"profit_factor":0.0},{"date":"24/09/2025","date_ts":1758672000000,"profit_abs":0.0,"wins":0,"draws":0,"losses":0,"trades":0,"profit_factor":0.0},{"date":"25/09/2025","date_ts":1758758400000,"profit_abs":0.0,"wins":0,"draws":0,"losses":0,"trades":0,"profit_factor":0.0},{"date":"26/09/2025","date_ts":1758844800000,"profit_abs":0.0,"wins":0,"draws":0,"losses":0,"trades":0,"profit_factor":0.0},{"date":"27/09/2025","date_ts":1758931200000,"profit_abs":0.0,"wins":0,"draws":0,"losses":0,"trades":0,"profit_factor":0.0},{"date":"28/09/2025","date_ts":1759017600000,"profit_abs":0.0,"wins":0,"draws":0,"losses":0,"trades":0,"profit_factor":0.0},{"date":"29/09/2025","date_ts":1759104000000,"profit_abs":0.0,"wins":0,"draws":0,"losses":0,"trades":0,"profit_factor":0.0},{"date":"30/09/2025","date_ts":1759190400000,"profit_abs":0.0,"wins":0,"draws":0,"losses":0,"trades":0,"profit_factor":0.0},{"date":"01/10/2025","date_ts":1759276800000,"profit_abs":0.0,"wins":0,"draws":0,"losses":0,"trades":0,"profit_factor":0.0},{"date":"02/10/2025","date_ts":1759363200000,"profit_abs":0.0,"wins":0,"draws":0,"losses":0,"trades":0,"profit_factor":0.0},{"date":"03/10/2025","date_ts":1759449600000,"profit_abs":0.0,"wins":0,"draws":0,"losses":0,"trades":0,"profit_factor":0.0},{"date":"04/10/2025","date_ts":1759536000000,"profit_abs":0.0,"wins":0,"draws":0,"losses":0,"trades":0,"profit_factor":0.0},{"date":"05/10/2025","date_ts":1759622400000,"profit_abs":0.0,"wins":0,"draws":0,"losses":0,"trades":0,"profit_factor":0.0},{"date":"06/10/2025","date_ts":1759708800000,"profit_abs":0.0,"wins":0,"draws":0,"losses":0,"trades":0,"profit_factor":0.0},{"date":"07/10/2025","date_ts":1759795200000,"profit_abs":0.0,"wins":0,"draws":0,"losses":0,"trades":0,"profit_factor":0.0},{"date":"08/10/2025","date_ts":1759881600000,"profit_abs":0.0,"wins":0,"draws":0,"losses":0,"trades":0,"profit_factor":0.0},{"date":"09/10/2025","date_ts":1759968000000,"profit_abs":0.0,"wins":0,"draws":0,"losses":0,"trades":0,"profit_factor":0.0},{"date":"10/10/2025","date_ts":1760054400000,"profit_abs":510.4019687,"wins":1,"draws":0,"losses":0,"trades":1,"profit_factor":0.0}],"week":[{"date":"13/01/2025","date_ts":1736726400000,"profit_abs":-419.30529765,"wins":0,"draws":0,"losses":1,"trades":1,"profit_factor":0.0},{"date":"20/01/2025","date_ts":1737331200000,"profit_abs":0.0,"wins":0,"draws":0,"losses":0,"trades":0,"profit_factor":0.0},{"date":"27/01/2025","date_ts":1737936000000,"profit_abs":0.0,"wins":0,"draws":0,"losses":0,"trades":0,"profit_factor":0.0},{"date":"03/02/2025","date_ts":1738540800000,"profit_abs":-299.1571778,"wins":0,"draws":0,"losses":2,"trades":2,"profit_factor":0.0},{"date":"10/02/2025","date_ts":1739145600000,"profit_abs":0.0,"wins":0,"draws":0,"losses":0,"trades":0,"profit_factor":0.0},{"date":"17/02/2025","date_ts":1739750400000,"profit_abs":-47.88031524,"wins":0,"draws":0,"losses":1,"trades":1,"profit_factor":0.0},{"date":"24/02/2025","date_ts":1740355200000,"profit_abs":0.0,"wins":0,"draws":0,"losses":0,"trades":0,"profit_factor":0.0},{"date":"03/03/2025","date_ts":1740960000000,"profit_abs":0.0,"wins":0,"draws":0,"losses":0,"trades":0,"profit_factor":0.0},{"date":"10/03/2025","date_ts":1741564800000,"profit_abs":0.0,"wins":0,"draws":0,"losses":0,"trades":0,"profit_factor":0.0},{"date":"17/03/2025","date_ts":1742169600000,"profit_abs":-162.99357978,"wins":0,"draws":0,"losses":1,"trades":1,"profit_factor":0.0},{"date":"24/03/2025","date_ts":1742774400000,"profit_abs":0.0,"wins":0,"draws":0,"losses":0,"trades":0,"profit_factor":0.0},{"date":"31/03/2025","date_ts":1743379200000,"profit_abs":0.0,"wins":0,"draws":0,"losses":0,"trades":0,"profit_factor":0.0},{"date":"07/04/2025","date_ts":1743984000000,"profit_abs":-283.17869965,"wins":0,"draws":0,"losses":1,"trades":1,"profit_factor":0.0},{"date":"14/04/2025","date_ts":1744588800000,"profit_abs":0.0,"wins":0,"draws":0,"losses":0,"trades":0,"profit_factor":0.0},{"date":"21/04/2025","date_ts":1745193600000,"profit_abs":0.0,"wins":0,"draws":0,"losses":0,"trades":0,"profit_factor":0.0},{"date":"28/04/2025","date_ts":1745798400000,"profit_abs":0.0,"wins":0,"draws":0,"losses":0,"trades":0,"profit_factor":0.0},{"date":"05/05/2025","date_ts":1746403200000,"profit_abs":0.0,"wins":0,"draws":0,"losses":0,"trades":0,"profit_factor":0.0},{"date":"12/05/2025","date_ts":1747008000000,"profit_abs":1366.99866302,"wins":1,"draws":0,"losses":0,"trades":1,"profit_factor":0.0},{"date":"19/05/2025","date_ts":1747612800000,"profit_abs":517.31805316,"wins":1,"draws":0,"losses":0,"trades":1,"profit_factor":0.0},{"date":"26/05/2025","date_ts":1748217600000,"profit_abs":396.54869684,"wins":1,"draws":0,"losses":0,"trades":1,"profit_factor":0.0},{"date":"02/06/2025","date_ts":1748822400000,"profit_abs":-62.00914921,"wins":0,"draws":0,"losses":1,"trades":1,"profit_factor":0.0},{"date":"09/06/2025","date_ts":1749427200000,"profit_abs":-80.69702049,"wins":0,"draws":0,"losses":1,"trades":1,"profit_factor":0.0},{"date":"16/06/2025","date_ts":1750032000000,"profit_abs":1.83417107,"wins":1,"draws":0,"losses":0,"trades":1,"profit_factor":0.0},{"date":"23/06/2025","date_ts":1750636800000,"profit_abs":-212.81069412,"wins":0,"draws":0,"losses":1,"trades":1,"profit_factor":0.0},{"date":"30/06/2025","date_ts":1751241600000,"profit_abs":0.0,"wins":0,"draws":0,"losses":0,"trades":0,"profit_factor":0.0},{"date":"07/07/2025","date_ts":1751846400000,"profit_abs":0.0,"wins":0,"draws":0,"losses":0,"trades":0,"profit_factor":0.0},{"date":"14/07/2025","date_ts":1752451200000,"profit_abs":0.0,"wins":0,"draws":0,"losses":0,"trades":0,"profit_factor":0.0},{"date":"21/07/2025","date_ts":1753056000000,"profit_abs":1101.44183828,"wins":1,"draws":0,"losses":0,"trades":1,"profit_factor":0.0},{"date":"28/07/2025","date_ts":1753660800000,"profit_abs":-41.18447481,"wins":0,"draws":0,"losses":1,"trades":1,"profit_factor":0.0},{"date":"04/08/2025","date_ts":1754265600000,"profit_abs":-309.52256372,"wins":0,"draws":0,"losses":2,"trades":2,"profit_factor":0.0},{"date":"11/08/2025","date_ts":1754870400000,"profit_abs":0.0,"wins":0,"draws":0,"losses":0,"trades":0,"profit_factor":0.0},{"date":"18/08/2025","date_ts":1755475200000,"profit_abs":39.602762,"wins":1,"draws":0,"losses":0,"trades":1,"profit_factor":0.0},{"date":"25/08/2025","date_ts":1756080000000,"profit_abs":0.0,"wins":0,"draws":0,"losses":0,"trades":0,"profit_factor":0.0},{"date":"01/09/2025","date_ts":1756684800000,"profit_abs":-447.4466925,"wins":0,"draws":0,"losses":1,"trades":1,"profit_factor":0.0},{"date":"08/09/2025","date_ts":1757289600000,"profit_abs":-73.1251939,"wins":0,"draws":0,"losses":1,"trades":1,"profit_factor":0.0},{"date":"15/09/2025","date_ts":1757894400000,"profit_abs":-73.93534854,"wins":0,"draws":0,"losses":1,"trades":1,"profit_factor":0.0},{"date":"22/09/2025","date_ts":1758499200000,"profit_abs":356.59691978,"wins":1,"draws":0,"losses":0,"trades":1,"profit_factor":0.0},{"date":"29/09/2025","date_ts":1759104000000,"profit_abs":0.0,"wins":0,"draws":0,"losses":0,"trades":0,"profit_factor":0.0},{"date":"06/10/2025","date_ts":1759708800000,"profit_abs":0.0,"wins":0,"draws":0,"losses":0,"trades":0,"profit_factor":0.0},{"date":"13/10/2025","date_ts":1760313600000,"profit_abs":510.4019687,"wins":1,"draws":0,"losses":0,"trades":1,"profit_factor":0.0}],"month":[{"date":"31/01/2025","date_ts":1738281600000,"profit_abs":-718.46247545,"wins":0,"draws":0,"losses":3,"trades":3,"profit_factor":0.0},{"date":"28/02/2025","date_ts":1740700800000,"profit_abs":-47.88031524,"wins":0,"draws":0,"losses":1,"trades":1,"profit_factor":0.0},{"date":"31/03/2025","date_ts":1743379200000,"profit_abs":-162.99357978,"wins":0,"draws":0,"losses":1,"trades":1,"profit_factor":0.0},{"date":"30/04/2025","date_ts":1745971200000,"profit_abs":-283.17869965,"wins":0,"draws":0,"losses":1,"trades":1,"profit_factor":0.0},{"date":"31/05/2025","date_ts":1748649600000,"profit_abs":2218.85626381,"wins":3,"draws":0,"losses":1,"trades":4,"profit_factor":36.78272387},{"date":"30/06/2025","date_ts":1751241600000,"profit_abs":-291.67354354,"wins":1,"draws":0,"losses":2,"trades":3,"profit_factor":0.00624914},{"date":"31/07/2025","date_ts":1753920000000,"profit_abs":750.73479975,"wins":1,"draws":0,"losses":3,"trades":4,"profit_factor":3.14063226},{"date":"31/08/2025","date_ts":1756598400000,"profit_abs":-407.8439305,"wins":1,"draws":0,"losses":1,"trades":2,"profit_factor":0.08850834},{"date":"30/09/2025","date_ts":1759190400000,"profit_abs":209.53637734,"wins":1,"draws":0,"losses":2,"trades":3,"profit_factor":2.42483071},{"date":"31/10/2025","date_ts":1761868800000,"profit_abs":510.4019687,"wins":1,"draws":0,"losses":0,"trades":1,"profit_factor":0.0}],"year":[{"date":"31/12/2025","date_ts":1767139200000,"profit_abs":1777.49686544,"wins":8,"draws":0,"losses":15,"trades":23,"profit_factor":1.70725139}]},"backtest_best_day":0.15697641096614395,"backtest_worst_day":-0.04231355661400651,"backtest_best_day_abs":1366.99866302,"backtest_worst_day_abs":-447.4466925,"winning_days":8,"draw_days":250,"losing_days":15,"daily_profit":[["2025-01-11",-419.30529765],["2025-01-12",0.0],["2025-01-13",0.0],["2025-01-14",0.0],["2025-01-15",0.0],["2025-01-16",0.0],["2025-01-17",0.0],["2025-01-18",0.0],["2025-01-19",0.0],["2025-01-20",0.0],["2025-01-21",0.0],["2025-01-22",0.0],["2025-01-23",0.0],["2025-01-24",0.0],["2025-01-25",0.0],["2025-01-26",0.0],["2025-01-27",0.0],["2025-01-28",-260.37272521],["2025-01-29",0.0],["2025-01-30",0.0],["2025-01-31",-38.78445259],["2025-02-01",0.0],["2025-02-02",0.0],["2025-02-03",0.0],["2025-02-04",0.0],["2025-02-05",0.0],["2025-02-06",0.0],["2025-02-07",0.0],["2025-02-08",0.0],["2025-02-09",0.0],["2025-02-10",0.0],["2025-02-11",0.0],["2025-02-12",0.0],["2025-02-13",0.0],["2025-02-14",0.0],["2025-02-15",0.0],["2025-02-16",-47.88031524],["2025-02-17",0.0],["2025-02-18",0.0],["2025-02-19",0.0],["2025-02-20",0.0],["2025-02-21",0.0],["2025-02-22",0.0],["2025-02-23",0.0],["2025-02-24",0.0],["2025-02-25",0.0],["2025-02-26",0.0],["2025-02-27",0.0],["2025-02-28",0.0],["2025-03-01",0.0],["2025-03-02",0.0],["2025-03-03",0.0],["2025-03-04",0.0],["2025-03-05",0.0],["2025-03-06",0.0],["2025-03-07",0.0],["2025-03-08",0.0],["2025-03-09",0.0],["2025-03-10",0.0],["2025-03-11",0.0],["2025-03-12",0.0],["2025-03-13",0.0],["2025-03-14",0.0],["2025-03-15",0.0],["2025-03-16",0.0],["2025-03-17",-162.99357978],["2025-03-18",0.0],["2025-03-19",0.0],["2025-03-20",0.0],["2025-03-21",0.0],["2025-03-22",0.0],["2025-03-23",0.0],["2025-03-24",0.0],["2025-03-25",0.0],["2025-03-26",0.0],["2025-03-27",0.0],["2025-03-28",0.0],["2025-03-29",0.0],["2025-03-30",0.0],["2025-03-31",0.0],["2025-04-01",0.0],["2025-04-02",0.0],["2025-04-03",0.0],["2025-04-04",0.0],["2025-04-05",-283.17869965],["2025-04-06",0.0],["2025-04-07",0.0],["2025-04-08",0.0],["2025-04-09",0.0],["2025-04-10",0.0],["2025-04-11",0.0],["2025-04-12",0.0],["2025-04-13",0.0],["2025-04-14",0.0],["2025-04-15",0.0],["2025-04-16",0.0],["2025-04-17",0.0],["2025-04-18",0.0],["2025-04-19",0.0],["2025-04-20",0.0],["2025-04-21",0.0],["2025-04-22",0.0],["2025-04-23",0.0],["2025-04-24",0.0],["2025-04-25",0.0],["2025-04-26",0.0],["2025-04-27",0.0],["2025-04-28",0.0],["2025-04-29",0.0],["2025-04-30",0.0],["2025-05-01",0.0],["2025-05-02",0.0],["2025-05-03",0.0],["2025-05-04",0.0],["2025-05-05",0.0],["2025-05-06",1366.99866302],["2025-05-07",0.0],["2025-05-08",0.0],["2025-05-09",0.0],["2025-05-10",0.0],["2025-05-11",0.0],["2025-05-12",0.0],["2025-05-13",0.0],["2025-05-14",0.0],["2025-05-15",0.0],["2025-05-16",0.0],["2025-05-17",0.0],["2025-05-18",0.0],["2025-05-19",517.31805316],["2025-05-20",0.0],["2025-05-21",0.0],["2025-05-22",0.0],["2025-05-23",0.0],["2025-05-24",0.0],["2025-05-25",396.54869684],["2025-05-26",0.0],["2025-05-27",0.0],["2025-05-28",0.0],["2025-05-29",-62.00914921],["2025-05-30",0.0],["2025-05-31",0.0],["2025-06-01",0.0],["2025-06-02",0.0],["2025-06-03",0.0],["2025-06-04",0.0],["2025-06-05",0.0],["2025-06-06",0.0],["2025-06-07",-80.69702049],["2025-06-08",0.0],["2025-06-09",0.0],["2025-06-10",0.0],["2025-06-11",0.0],["2025-06-12",0.0],["2025-06-13",0.0],["2025-06-14",1.83417107],["2025-06-15",0.0],["2025-06-16",0.0],["2025-06-17",0.0],["2025-06-18",0.0],["2025-06-19",0.0],["2025-06-20",-212.81069412],["2025-06-21",0.0],["2025-06-22",0.0],["2025-06-23",0.0],["2025-06-24",0.0],["2025-06-25",0.0],["2025-06-26",0.0],["2025-06-27",0.0],["2025-06-28",0.0],["2025-06-29",0.0],["2025-06-30",0.0],["2025-07-01",0.0],["2025-07-02",0.0],["2025-07-03",0.0],["2025-07-04",0.0],["2025-07-05",0.0],["2025-07-06",0.0],["2025-07-07",0.0],["2025-07-08",0.0],["2025-07-09",0.0],["2025-07-10",0.0],["2025-07-11",0.0],["2025-07-12",0.0],["2025-07-13",0.0],["2025-07-14",0.0],["2025-07-15",0.0],["2025-07-16",0.0],["2025-07-17",0.0],["2025-07-18",0.0],["2025-07-19",0.0],["2025-07-20",1101.44183828],["2025-07-21",0.0],["2025-07-22",0.0],["2025-07-23",0.0],["2025-07-24",0.0],["2025-07-25",0.0],["2025-07-26",0.0],["2025-07-27",0.0],["2025-07-28",-41.18447481],["2025-07-29",0.0],["2025-07-30",-238.25189813],["2025-07-31",-71.27066559],["2025-08-01",0.0],["2025-08-02",0.0],["2025-08-03",0.0],["2025-08-04",0.0],["2025-08-05",0.0],["2025-08-06",0.0],["2025-08-07",0.0],["2025-08-08",0.0],["2025-08-09",0.0],["2025-08-10",0.0],["2025-08-11",0.0],["2025-08-12",0.0],["2025-08-13",0.0],["2025-08-14",0.0],["2025-08-15",0.0],["2025-08-16",0.0],["2025-08-17",39.602762],["2025-08-18",0.0],["2025-08-19",0.0],["2025-08-20",0.0],["2025-08-21",0.0],["2025-08-22",0.0],["2025-08-23",0.0],["2025-08-24",0.0],["2025-08-25",0.0],["2025-08-26",0.0],["2025-08-27",0.0],["2025-08-28",0.0],["2025-08-29",-447.4466925],["2025-08-30",0.0],["2025-08-31",0.0],["2025-09-01",0.0],["2025-09-02",0.0],["2025-09-03",0.0],["2025-09-04",0.0],["2025-09-05",0.0],["2025-09-06",-73.1251939],["2025-09-07",0.0],["2025-09-08",0.0],["2025-09-09",0.0],["2025-09-10",-73.93534854],["2025-09-11",0.0],["2025-09-12",0.0],["2025-09-13",0.0],["2025-09-14",0.0],["2025-09-15",0.0],["2025-09-16",0.0],["2025-09-17",0.0],["2025-09-18",0.0],["2025-09-19",0.0],["2025-09-20",0.0],["2025-09-21",356.59691978],["2025-09-22",0.0],["2025-09-23",0.0],["2025-09-24",0.0],["2025-09-25",0.0],["2025-09-26",0.0],["2025-09-27",0.0],["2025-09-28",0.0],["2025-09-29",0.0],["2025-09-30",0.0],["2025-10-01",0.0],["2025-10-02",0.0],["2025-10-03",0.0],["2025-10-04",0.0],["2025-10-05",0.0],["2025-10-06",0.0],["2025-10-07",0.0],["2025-10-08",0.0],["2025-10-09",0.0],["2025-10-10",510.4019687]],"wins":8,"losses":15,"draws":0,"winrate":0.34782608695652173,"holding_avg":"6 days, 20:55:00","holding_avg_s":593700.0,"winner_holding_min":"6d 03:00","winner_holding_min_s":529200.0,"winner_holding_max":"26d 06:00","winner_holding_max_s":2268000.0,"winner_holding_avg":"12d 21:45","winner_holding_avg_s":1115100.0,"loser_holding_min":"0d 01:00","loser_holding_min_s":3600.0,"loser_holding_max":"15d 13:00","loser_holding_max_s":1342800.0,"loser_holding_avg":"3d 15:40","loser_holding_avg_s":315600.0,"max_consecutive_wins":3,"max_consecutive_losses":6,"max_drawdown_account":0.121251507012,"max_relative_drawdown":0.121251507012,"max_drawdown_abs":1212.51507012,"drawdown_start":"2025-01-11 09:00:00","drawdown_start_ts":1736586000000.0,"drawdown_end":"2025-04-05 04:00:00","drawdown_end_ts":1743825600000.0,"drawdown_duration":"83 days 19:00:00","drawdown_duration_s":7239600.0,"max_drawdown_low":-1212.51507012,"max_drawdown_high":-419.30529765,"csum_min":8787.48492988,"csum_max":11816.10948843}},"strategy_comparison":[{"key":"TrendlineBreakoutStrategy","trades":23,"profit_mean":0.008170648065955067,"profit_mean_pct":0.82,"profit_total_abs":1777.49686544,"profit_total":0.177749686544,"profit_total_pct":17.77,"duration_avg":"6 days, 20:55:00","wins":8,"draws":0,"losses":15,"winrate":0.34782608695652173,"cagr":0.23584999155926267,"expectancy":77.28247241043479,"expectancy_ratio":0.46125090440349714,"sortino":0.9089587536624519,"sharpe":0.27398903321425583,"calmar":9.931595484892387,"sqn":0.8247,"profit_factor":1.7072513867520291,"max_drawdown_account":0.121251507012,"max_drawdown_abs":"1212.515"}]}