{"$schema":"https://schema.freqtrade.io/schema.json","max_open_trades":1,"stake_currency":"USDT","stake_amount":"unlimited","tradable_balance_ratio":0.99,"fiat_display_currency":"USD","dry_run":true,"dry_run_wallet":10000,"cancel_open_orders_on_exit":false,"trading_mode":"spot","margin_mode":"","strategy":"TrendlineBreakoutStrategy","unfilledtimeout":{"entry":10,"exit":10,"exit_timeout_count":0,"unit":"minutes"},"fee":0.001,"trading_fees":{"BTC/USDT":{"maker":0.001,"taker":0.001}},"slippage":0.0005,"funding_fees":0.0001,"trailing_stop":false,"trailing_stop_positive":0.0,"trailing_stop_positive_offset":0.0,"trailing_only_offset_is_reached":false,"entry_pricing":{"price_side":"other","use_order_book":true,"order_book_top":1,"price_last_balance":0.0,"check_depth_of_market":{"enabled":false,"bids_to_ask_delta":1}},"exit_pricing":{"price_side":"other","use_order_book":true,"order_book_top":1},"order_types":{"entry":"market","exit":"market","stoploss":"market","stoploss_on_exchange":false,"stoploss_on_exchange_interval":60},"exchange":{"name":"binance","key":"REDACTED","secret":"REDACTED","ccxt_config":{},"ccxt_async_config":{},"pair_whitelist":["BTC/USDT"],"pair_blacklist":["BNB/.*"]},"pairlists":[{"method":"StaticPairList"}],"bot_name":"freqtrade","initial_state":"running","force_entry_enable":false,"internals":{"process_throttle_secs":5},"config_files":["user_data\\config_backtest.json"]}