{"strategy":{"TrendlineBreakoutStrategy":{"trades":[{"pair":"BTC/USDT","stake_amount":9899.1780652,"max_stake_amount":9899.1780652,"amount":0.10093,"open_date":"2025-01-05 20:00:00+00:00","close_date":"2025-01-07 17:00:00+00:00","open_rate":98079.64,"close_rate":97733.58,"fee_open":0.001,"fee_close":0.001,"trade_duration":2700,"profit_ratio":-0.005519309492432451,"profit_abs":-54.69126409,"exit_reason":"exit_signal","initial_stop_loss_abs":980.7964000000009,"initial_stop_loss_ratio":-0.99,"stop_loss_abs":980.7964000000009,"stop_loss_ratio":-0.99,"min_rate":96577.0,"max_rate":102724.38,"is_open":false,"enter_tag":"","leverage":1.0,"is_short":false,"open_timestamp":1736107200000,"close_timestamp":1736269200000,"orders":[{"amount":0.10093,"safe_price":98079.64,"ft_order_side":"buy","order_filled_timestamp":1736107200000,"ft_is_entry":true,"ft_order_tag":"","cost":9909.0772432652},{"amount":0.10093,"safe_price":97733.58,"ft_order_side":"sell","order_filled_timestamp":1736269200000,"ft_is_entry":false,"ft_order_tag":"exit_signal","cost":9874.1144796294}],"funding_fees":0.0},{"pair":"BTC/USDT","stake_amount":9844.8950439,"max_stake_amount":9844.8950439,"amount":0.09387,"open_date":"2025-01-19 03:00:00+00:00","close_date":"2025-01-20 01:00:00+00:00","open_rate":104877.97,"close_rate":99794.51,"fee_open":0.001,"fee_close":0.001,"trade_duration":1320,"profit_ratio":-0.05037139477809469,"profit_abs":-496.3969959,"exit_reason":"exit_signal","initial_stop_loss_abs":1048.779700000001,"initial_stop_loss_ratio":-0.99,"stop_loss_abs":1048.779700000001,"stop_loss_ratio":-0.99,"min_rate":99550.0,"max_rate":106422.43,"is_open":false,"enter_tag":"","leverage":1.0,"is_short":false,"open_timestamp":1737255600000,"close_timestamp":1737334800000,"orders":[{"amount":0.09387,"safe_price":104877.97,"ft_order_side":"buy","order_filled_timestamp":1737255600000,"ft_is_entry":true,"ft_order_tag":"","cost":9854.7399389439},{"amount":0.09387,"safe_price":99794.51,"ft_order_side":"sell","order_filled_timestamp":1737334800000,"ft_is_entry":false,"ft_order_tag":"exit_signal","cost":9377.078364353698}],"funding_fees":0.0},{"pair":"BTC/USDT","stake_amount":9354.1897908,"max_stake_amount":9354.1897908,"amount":0.08703,"open_date":"2025-01-20 07:00:00+00:00","close_date":"2025-01-20 22:00:00+00:00","open_rate":107482.36,"close_rate":102596.0,"fee_open":0.001,"fee_close":0.001,"trade_duration":900,"profit_ratio":-0.04736914050805946,"profit_abs":-443.54303047,"exit_reason":"exit_signal","initial_stop_loss_abs":1074.8236000000009,"initial_stop_loss_ratio":-0.99,"stop_loss_abs":1074.8236000000009,"stop_loss_ratio":-0.99,"min_rate":100333.0,"max_rate":109499.99,"is_open":false,"enter_tag":"","leverage":1.0,"is_short":false,"open_timestamp":1737356400000,"close_timestamp":1737410400000,"orders":[{"amount":0.08703,"safe_price":107482.36,"ft_order_side":"buy","order_filled_timestamp":1737356400000,"ft_is_entry":true,"ft_order_tag":"","cost":9363.543980590799},{"amount":0.08703,"safe_price":102596.0,"ft_order_side":"sell","order_filled_timestamp":1737410400000,"ft_is_entry":false,"ft_order_tag":"exit_signal","cost":8937.85880988}],"funding_fees":0.0},{"pair":"BTC/USDT","stake_amount":8914.8322778,"max_stake_amount":8914.8322778,"amount":0.08374,"open_date":"2025-01-24 18:00:00+00:00","close_date":"2025-01-28 05:00:00+00:00","open_rate":106458.47,"close_rate":102901.45,"fee_open":0.001,"fee_close":0.001,"trade_duration":4980,"profit_ratio":-0.03534352224569599,"profit_abs":-315.3966545,"exit_reason":"exit_signal","initial_stop_loss_abs":1064.584700000001,"initial_stop_loss_ratio":-0.99,"stop_loss_abs":1064.584700000001,"stop_loss_ratio":-0.99,"min_rate":97777.77,"max_rate":107120.0,"is_open":false,"enter_tag":"","leverage":1.0,"is_short":false,"open_timestamp":1737741600000,"close_timestamp":1738040400000,"orders":[{"amount":0.08374,"safe_price":106458.47,"ft_order_side":"buy","order_filled_timestamp":1737741600000,"ft_is_entry":true,"ft_order_tag":"","cost":8923.747110077798},{"amount":0.08374,"safe_price":102901.45,"ft_order_side":"sell","order_filled_timestamp":1738040400000,"ft_is_entry":false,"ft_order_tag":"exit_signal","cost":8625.584390422999}],"funding_fees":0.0},{"pair":"BTC/USDT","stake_amount":8602.2622455,"max_stake_amount":8602.2622455,"amount":0.08835,"open_date":"2025-02-16 10:00:00+00:00","close_date":"2025-02-16 13:00:00+00:00","open_rate":97365.73,"close_rate":97125.64,"fee_open":0.001,"fee_close":0.001,"trade_duration":180,"profit_ratio":-0.004458932550322135,"profit_abs":-38.39526404,"exit_reason":"exit_signal","initial_stop_loss_abs":973.6573000000009,"initial_stop_loss_ratio":-0.99,"stop_loss_abs":973.6573000000009,"stop_loss_ratio":-0.99,"min_rate":96788.21,"max_rate":97388.89,"is_open":false,"enter_tag":"","leverage":1.0,"is_short":false,"open_timestamp":1739700000000,"close_timestamp":1739710800000,"orders":[{"amount":0.08835,"safe_price":97365.73,"ft_order_side":"buy","order_filled_timestamp":1739700000000,"ft_is_entry":true,"ft_order_tag":"","cost":8610.864507745498},{"amount":0.08835,"safe_price":97125.64,"ft_order_side":"sell","order_filled_timestamp":1739710800000,"ft_is_entry":false,"ft_order_tag":"exit_signal","cost":8589.631344293999}],"funding_fees":0.0},{"pair":"BTC/USDT","stake_amount":8564.4958862,"max_stake_amount":8564.4958862,"amount":0.10154,"open_date":"2025-03-15 16:00:00+00:00","close_date":"2025-03-16 20:00:00+00:00","open_rate":84346.03,"close_rate":83098.47,"fee_open":0.001,"fee_close":0.001,"trade_duration":1680,"profit_ratio":-0.016759424350984972,"profit_abs":-143.67955693,"exit_reason":"exit_signal","initial_stop_loss_abs":843.4603000000008,"initial_stop_loss_ratio":-0.99,"stop_loss_abs":843.4603000000008,"stop_loss_ratio":-0.99,"min_rate":82381.46,"max_rate":85117.04,"is_open":false,"enter_tag":"","leverage":1.0,"is_short":false,"open_timestamp":1742054400000,"close_timestamp":1742155200000,"orders":[{"amount":0.10154,"safe_price":84346.03,"ft_order_side":"buy","order_filled_timestamp":1742054400000,"ft_is_entry":true,"ft_order_tag":"","cost":8573.0603820862},{"amount":0.10154,"safe_price":83098.47,"ft_order_side":"sell","order_filled_timestamp":1742155200000,"ft_is_entry":false,"ft_order_tag":"exit_signal","cost":8446.2564624438}],"funding_fees":0.0},{"pair":"BTC/USDT","stake_amount":8422.4375964,"max_stake_amount":8422.4375964,"amount":0.09774,"open_date":"2025-03-20 15:00:00+00:00","close_date":"2025-03-21 09:00:00+00:00","open_rate":86171.86,"close_rate":84022.31,"fee_open":0.001,"fee_close":0.001,"trade_duration":1080,"profit_ratio":-0.0268930802155097,"profit_abs":-226.73179518,"exit_reason":"exit_signal","initial_stop_loss_abs":861.7186000000007,"initial_stop_loss_ratio":-0.99,"stop_loss_abs":861.7186000000007,"stop_loss_ratio":-0.99,"min_rate":83655.23,"max_rate":86219.05,"is_open":false,"enter_tag":"","leverage":1.0,"is_short":false,"open_timestamp":1742482800000,"close_timestamp":1742547600000,"orders":[{"amount":0.09774,"safe_price":86171.86,"ft_order_side":"buy","order_filled_timestamp":1742482800000,"ft_is_entry":true,"ft_order_tag":"","cost":8430.860033996398},{"amount":0.09774,"safe_price":84022.31,"ft_order_side":"sell","order_filled_timestamp":1742547600000,"ft_is_entry":false,"ft_order_tag":"exit_signal","cost":8220.552919979398}],"funding_fees":0.0},{"pair":"BTC/USDT","stake_amount":8197.9432545,"max_stake_amount":8197.9432545,"amount":0.09301,"open_date":"2025-03-26 08:00:00+00:00","close_date":"2025-03-26 19:00:00+00:00","open_rate":88140.45,"close_rate":86198.52,"fee_open":0.001,"fee_close":0.001,"trade_duration":660,"profit_ratio":-0.023986204009487557,"profit_abs":-196.8341769,"exit_reason":"exit_signal","initial_stop_loss_abs":881.4045000000008,"initial_stop_loss_ratio":-0.99,"stop_loss_abs":881.4045000000008,"stop_loss_ratio":-0.99,"min_rate":85860.0,"max_rate":88259.81,"is_open":false,"enter_tag":"","leverage":1.0,"is_short":false,"open_timestamp":1742976000000,"close_timestamp":1743015600000,"orders":[{"amount":0.09301,"safe_price":88140.45,"ft_order_side":"buy","order_filled_timestamp":1742976000000,"ft_is_entry":true,"ft_order_tag":"","cost":8206.1411977545},{"amount":0.09301,"safe_price":86198.52,"ft_order_side":"sell","order_filled_timestamp":1743015600000,"ft_is_entry":false,"ft_order_tag":"exit_signal","cost":8025.341669545199}],"funding_fees":0.0},{"pair":"BTC/USDT","stake_amount":8003.1505248,"max_stake_amount":8003.1505248,"amount":0.09848,"open_date":"2025-04-11 08:00:00+00:00","close_date":"2025-04-15 23:00:00+00:00","open_rate":81266.76,"close_rate":83838.47,"fee_open":0.001,"fee_close":0.001,"trade_duration":6660,"profit_ratio":0.029584058346052277,"profit_abs":237.00243775,"exit_reason":"exit_signal","initial_stop_loss_abs":812.6676000000007,"initial_stop_loss_ratio":-0.99,"stop_loss_abs":812.6676000000007,"stop_loss_ratio":-0.99,"min_rate":80782.43,"max_rate":86496.42,"is_open":false,"enter_tag":"","leverage":1.0,"is_short":false,"open_timestamp":1744358400000,"close_timestamp":1744758000000,"orders":[{"amount":0.09848,"safe_price":81266.76,"ft_order_side":"buy","order_filled_timestamp":1744358400000,"ft_is_entry":true,"ft_order_tag":"","cost":8011.153675324798},{"amount":0.09848,"safe_price":83838.47,"ft_order_side":"sell","order_filled_timestamp":1744758000000,"ft_is_entry":false,"ft_order_tag":"exit_signal","cost":8264.6689381256}],"funding_fees":0.0},{"pair":"BTC/USDT","stake_amount":8237.6829483,"max_stake_amount":8237.6829483,"amount":0.09717,"open_date":"2025-04-17 13:00:00+00:00","close_date":"2025-04-20 10:00:00+00:00","open_rate":84775.99,"close_rate":84551.15,"fee_open":0.001,"fee_close":0.001,"trade_duration":4140,"profit_ratio":-0.0046448689846535435,"profit_abs":-38.30122099,"exit_reason":"exit_signal","initial_stop_loss_abs":847.7599000000008,"initial_stop_loss_ratio":-0.99,"stop_loss_abs":847.7599000000008,"stop_loss_ratio":-0.99,"min_rate":83736.26,"max_rate":85677.99,"is_open":false,"enter_tag":"","leverage":1.0,"is_short":false,"open_timestamp":1744894800000,"close_timestamp":1745143200000,"orders":[{"amount":0.09717,"safe_price":84775.99,"ft_order_side":"buy","order_filled_timestamp":1744894800000,"ft_is_entry":true,"ft_order_tag":"","cost":8245.9206312483},{"amount":0.09717,"safe_price":84551.15,"ft_order_side":"sell","order_filled_timestamp":1745143200000,"ft_is_entry":false,"ft_order_tag":"exit_signal","cost":8224.0510807455}],"funding_fees":0.0},{"pair":"BTC/USDT","stake_amount":8200.1808055,"max_stake_amount":8200.1808055,"amount":0.08665,"open_date":"2025-04-25 12:00:00+00:00","close_date":"2025-04-30 17:00:00+00:00","open_rate":94635.67,"close_rate":93939.98,"fee_open":0.001,"fee_close":0.001,"trade_duration":7500,"profit_ratio":-0.009334559238640619,"profit_abs":-76.62161857,"exit_reason":"exit_signal","initial_stop_loss_abs":946.3567000000008,"initial_stop_loss_ratio":-0.99,"stop_loss_abs":946.3567000000008,"stop_loss_ratio":-0.99,"min_rate":92800.01,"max_rate":95758.04,"is_open":false,"enter_tag":"","leverage":1.0,"is_short":false,"open_timestamp":1745582400000,"close_timestamp":1746032400000,"orders":[{"amount":0.08665,"safe_price":94635.67,"ft_order_side":"buy","order_filled_timestamp":1745582400000,"ft_is_entry":true,"ft_order_tag":"","cost":8208.3809863055},{"amount":0.08665,"safe_price":93939.98,"ft_order_side":"sell","order_filled_timestamp":1746032400000,"ft_is_entry":false,"ft_order_tag":"exit_signal","cost":8148.039166266999}],"funding_fees":0.0},{"pair":"BTC/USDT","stake_amount":8123.5005998,"max_stake_amount":8123.5005998,"amount":0.08563,"open_date":"2025-05-01 03:00:00+00:00","close_date":"2025-05-04 05:00:00+00:00","open_rate":94867.46,"close_rate":95725.52,"fee_open":0.001,"fee_close":0.001,"trade_duration":4440,"profit_ratio":0.0070287559058700095,"profit_abs":57.15520092,"exit_reason":"exit_signal","initial_stop_loss_abs":948.6746000000009,"initial_stop_loss_ratio":-0.99,"stop_loss_abs":948.6746000000009,"stop_loss_ratio":-0.99,"min_rate":94688.75,"max_rate":97895.68,"is_open":false,"enter_tag":"","leverage":1.0,"is_short":false,"open_timestamp":1746068400000,"close_timestamp":1746334800000,"orders":[{"amount":0.08563,"safe_price":94867.46,"ft_order_side":"buy","order_filled_timestamp":1746068400000,"ft_is_entry":true,"ft_order_tag":"","cost":8131.624100399799},{"amount":0.08563,"safe_price":95725.52,"ft_order_side":"sell","order_filled_timestamp":1746334800000,"ft_is_entry":false,"ft_order_tag":"exit_signal","cost":8205.1732538776}],"funding_fees":0.0},{"pair":"BTC/USDT","stake_amount":8180.4159,"max_stake_amount":8180.4159,"amount":0.08367,"open_date":"2025-05-08 01:00:00+00:00","close_date":"2025-05-12 19:00:00+00:00","open_rate":97770.0,"close_rate":101630.59,"fee_open":0.001,"fee_close":0.001,"trade_duration":6840,"profit_ratio":0.03740955178547368,"profit_abs":306.33171793,"exit_reason":"exit_signal","initial_stop_loss_abs":977.7000000000008,"initial_stop_loss_ratio":-0.99,"stop_loss_abs":977.7000000000008,"stop_loss_ratio":-0.99,"min_rate":97600.0,"max_rate":105819.45,"is_open":false,"enter_tag":"","leverage":1.0,"is_short":false,"open_timestamp":1746666000000,"close_timestamp":1747076400000,"orders":[{"amount":0.08367,"safe_price":97770.0,"ft_order_side":"buy","order_filled_timestamp":1746666000000,"ft_is_entry":true,"ft_order_tag":"","cost":8188.596315899998},{"amount":0.08367,"safe_price":101630.59,"ft_order_side":"sell","order_filled_timestamp":1747076400000,"ft_is_entry":false,"ft_order_tag":"exit_signal","cost":8511.934896765297}],"funding_fees":0.0},{"pair":"BTC/USDT","stake_amount":8483.6530624,"max_stake_amount":8483.6530624,"amount":0.08224,"open_date":"2025-05-15 20:00:00+00:00","close_date":"2025-05-17 02:00:00+00:00","open_rate":103157.26,"close_rate":102829.58,"fee_open":0.001,"fee_close":0.001,"trade_duration":1800,"profit_ratio":-0.005168164666978073,"profit_abs":-43.88876092,"exit_reason":"exit_signal","initial_stop_loss_abs":1031.5726000000009,"initial_stop_loss_ratio":-0.99,"stop_loss_abs":1031.5726000000009,"stop_loss_ratio":-0.99,"min_rate":102612.5,"max_rate":104550.33,"is_open":false,"enter_tag":"","leverage":1.0,"is_short":false,"open_timestamp":1747339200000,"close_timestamp":1747447200000,"orders":[{"amount":0.08224,"safe_price":103157.26,"ft_order_side":"buy","order_filled_timestamp":1747339200000,"ft_is_entry":true,"ft_order_tag":"","cost":8492.136715462399},{"amount":0.08224,"safe_price":102829.58,"ft_order_side":"sell","order_filled_timestamp":1747447200000,"ft_is_entry":false,"ft_order_tag":"exit_signal","cost":8465.161363859197}],"funding_fees":0.0},{"pair":"BTC/USDT","stake_amount":8440.072926,"max_stake_amount":8440.072926,"amount":0.08143,"open_date":"2025-05-18 06:00:00+00:00","close_date":"2025-05-19 05:00:00+00:00","open_rate":103648.2,"close_rate":103002.07,"fee_open":0.001,"fee_close":0.001,"trade_duration":1380,"profit_ratio":-0.008219422447338087,"profit_abs":-69.44189739,"exit_reason":"exit_signal","initial_stop_loss_abs":1036.4820000000009,"initial_stop_loss_ratio":-0.99,"stop_loss_abs":1036.4820000000009,"stop_loss_ratio":-0.99,"min_rate":102513.87,"max_rate":107108.62,"is_open":false,"enter_tag":"","leverage":1.0,"is_short":false,"open_timestamp":1747548000000,"close_timestamp":1747630800000,"orders":[{"amount":0.08143,"safe_price":103648.2,"ft_order_side":"buy","order_filled_timestamp":1747548000000,"ft_is_entry":true,"ft_order_tag":"","cost":8448.512998926},{"amount":0.08143,"safe_price":103002.07,"ft_order_side":"sell","order_filled_timestamp":1747630800000,"ft_is_entry":false,"ft_order_tag":"exit_signal","cost":8395.8460186601}],"funding_fees":0.0},{"pair":"BTC/USDT","stake_amount":8371.6104834,"max_stake_amount":8371.6104834,"amount":0.07822,"open_date":"2025-05-20 20:00:00+00:00","close_date":"2025-05-23 23:00:00+00:00","open_rate":107026.47,"close_rate":107797.37,"fee_open":0.001,"fee_close":0.001,"trade_duration":4500,"profit_ratio":0.005190497635042465,"profit_abs":43.49627724,"exit_reason":"exit_signal","initial_stop_loss_abs":1070.2647000000009,"initial_stop_loss_ratio":-0.99,"stop_loss_abs":1070.2647000000009,"stop_loss_ratio":-0.99,"min_rate":105935.83,"max_rate":111980.0,"is_open":false,"enter_tag":"","leverage":1.0,"is_short":false,"open_timestamp":1747771200000,"close_timestamp":1748041200000,"orders":[{"amount":0.07822,"safe_price":107026.47,"ft_order_side":"buy","order_filled_timestamp":1747771200000,"ft_is_entry":true,"ft_order_tag":"","cost":8379.982093883398},{"amount":0.07822,"safe_price":107797.37,"ft_order_side":"sell","order_filled_timestamp":1748041200000,"ft_is_entry":false,"ft_order_tag":"exit_signal","cost":8440.342191681399}],"funding_fees":0.0},{"pair":"BTC/USDT","stake_amount":8414.8628,"max_stake_amount":8414.8628,"amount":0.07682,"open_date":"2025-05-27 08:00:00+00:00","close_date":"2025-05-28 02:00:00+00:00","open_rate":109540.0,"close_rate":108667.99,"fee_open":0.001,"fee_close":0.001,"trade_duration":1080,"profit_ratio":-0.0099427502384102,"profit_abs":-83.75054599,"exit_reason":"exit_signal","initial_stop_loss_abs":1095.400000000001,"initial_stop_loss_ratio":-0.99,"stop_loss_abs":1095.400000000001,"stop_loss_ratio":-0.99,"min_rate":108400.0,"max_rate":110718.0,"is_open":false,"enter_tag":"","leverage":1.0,"is_short":false,"open_timestamp":1748332800000,"close_timestamp":1748397600000,"orders":[{"amount":0.07682,"safe_price":109540.0,"ft_order_side":"buy","order_filled_timestamp":1748332800000,"ft_is_entry":true,"ft_order_tag":"","cost":8423.2776628},{"amount":0.07682,"safe_price":108667.99,"ft_order_side":"sell","order_filled_timestamp":1748397600000,"ft_is_entry":false,"ft_order_tag":"exit_signal","cost":8356.2228667918}],"funding_fees":0.0},{"pair":"BTC/USDT","stake_amount":8331.7555692,"max_stake_amount":8331.7555692,"amount":0.07924,"open_date":"2025-06-07 11:00:00+00:00","close_date":"2025-06-12 06:00:00+00:00","open_rate":105145.83,"close_rate":107746.91,"fee_open":0.001,"fee_close":0.001,"trade_duration":6900,"profit_ratio":0.02269040492153803,"profit_abs":189.23995848,"exit_reason":"exit_signal","initial_stop_loss_abs":1051.458300000001,"initial_stop_loss_ratio":-0.99,"stop_loss_abs":1051.458300000001,"stop_loss_ratio":-0.99,"min_rate":104964.14,"max_rate":110530.17,"is_open":false,"enter_tag":"","leverage":1.0,"is_short":false,"open_timestamp":1749294000000,"close_timestamp":1749708000000,"orders":[{"amount":0.07924,"safe_price":105145.83,"ft_order_side":"buy","order_filled_timestamp":1749294000000,"ft_is_entry":true,"ft_order_tag":"","cost":8340.0873247692},{"amount":0.07924,"safe_price":107746.91,"ft_order_side":"sell","order_filled_timestamp":1749708000000,"ft_is_entry":false,"ft_order_tag":"exit_signal","cost":8546.403013548399}],"funding_fees":0.0},{"pair":"BTC/USDT","stake_amount":8519.48295,"max_stake_amount":8519.48295,"amount":0.08074,"open_date":"2025-06-24 15:00:00+00:00","close_date":"2025-07-01 00:00:00+00:00","open_rate":105517.5,"close_rate":107146.51,"fee_open":0.001,"fee_close":0.001,"trade_duration":9180,"profit_ratio":0.013409444489386966,"profit_abs":114.35577523,"exit_reason":"exit_signal","initial_stop_loss_abs":1055.1750000000009,"initial_stop_loss_ratio":-0.99,"stop_loss_abs":1055.1750000000009,"stop_loss_ratio":-0.99,"min_rate":105153.01,"max_rate":108789.99,"is_open":false,"enter_tag":"","leverage":1.0,"is_short":false,"open_timestamp":1750777200000,"close_timestamp":1751328000000,"orders":[{"amount":0.08074,"safe_price":105517.5,"ft_order_side":"buy","order_filled_timestamp":1750777200000,"ft_is_entry":true,"ft_order_tag":"","cost":8528.002432950001},{"amount":0.08074,"safe_price":107146.51,"ft_order_side":"sell","order_filled_timestamp":1751328000000,"ft_is_entry":false,"ft_order_tag":"exit_signal","cost":8659.6602266174}],"funding_fees":0.0},{"pair":"BTC/USDT","stake_amount":8631.663502,"max_stake_amount":8631.663502,"amount":0.07895,"open_date":"2025-07-09 13:00:00+00:00","close_date":"2025-07-15 07:00:00+00:00","open_rate":109330.76,"close_rate":117070.54,"fee_open":0.001,"fee_close":0.001,"trade_duration":8280,"profit_ratio":0.06865289171235578,"profit_abs":593.18124836,"exit_reason":"exit_signal","initial_stop_loss_abs":1093.307600000001,"initial_stop_loss_ratio":-0.99,"stop_loss_abs":1093.307600000001,"stop_loss_ratio":-0.99,"min_rate":108503.0,"max_rate":123218.0,"is_open":false,"enter_tag":"","leverage":1.0,"is_short":false,"open_timestamp":1752066000000,"close_timestamp":1752562800000,"orders":[{"amount":0.07895,"safe_price":109330.76,"ft_order_side":"buy","order_filled_timestamp":1752066000000,"ft_is_entry":true,"ft_order_tag":"","cost":8640.295165501999},{"amount":0.07895,"safe_price":117070.54,"ft_order_side":"sell","order_filled_timestamp":1752562800000,"ft_is_entry":false,"ft_order_tag":"exit_signal","cost":9251.961852133}],"funding_fees":0.0},{"pair":"BTC/USDT","stake_amount":9219.0003628,"max_stake_amount":9219.0003628,"amount":0.07762,"open_date":"2025-07-17 15:00:00+00:00","close_date":"2025-07-18 16:00:00+00:00","open_rate":118770.94,"close_rate":117860.24,"fee_open":0.001,"fee_close":0.001,"trade_duration":1500,"profit_ratio":-0.009650382450323305,"profit_abs":-89.05584619,"exit_reason":"exit_signal","initial_stop_loss_abs":1187.709400000001,"initial_stop_loss_ratio":-0.99,"stop_loss_abs":1187.709400000001,"stop_loss_ratio":-0.99,"min_rate":117315.69,"max_rate":120998.71,"is_open":false,"enter_tag":"","leverage":1.0,"is_short":false,"open_timestamp":1752764400000,"close_timestamp":1752854400000,"orders":[{"amount":0.07762,"safe_price":118770.94,"ft_order_side":"buy","order_filled_timestamp":1752764400000,"ft_is_entry":true,"ft_order_tag":"","cost":9228.219363162798},{"amount":0.07762,"safe_price":117860.24,"ft_order_side":"sell","order_filled_timestamp":1752854400000,"ft_is_entry":false,"ft_order_tag":"exit_signal","cost":9157.4601406288}],"funding_fees":0.0},{"pair":"BTC/USDT","stake_amount":9131.2723922,"max_stake_amount":9131.2723922,"amount":0.07714,"open_date":"2025-07-30 09:00:00+00:00","close_date":"2025-07-30 11:00:00+00:00","open_rate":118372.73,"close_rate":118020.17,"fee_open":0.001,"fee_close":0.001,"trade_duration":120,"profit_ratio":-0.0049704398598928775,"profit_abs":-45.43182671,"exit_reason":"exit_signal","initial_stop_loss_abs":1183.727300000001,"initial_stop_loss_ratio":-0.99,"stop_loss_abs":1183.727300000001,"stop_loss_ratio":-0.99,"min_rate":117358.84,"max_rate":118471.69,"is_open":false,"enter_tag":"","leverage":1.0,"is_short":false,"open_timestamp":1753866000000,"close_timestamp":1753873200000,"orders":[{"amount":0.07714,"safe_price":118372.73,"ft_order_side":"buy","order_filled_timestamp":1753866000000,"ft_is_entry":true,"ft_order_tag":"","cost":9140.403664592199},{"amount":0.07714,"safe_price":118020.17,"ft_order_side":"sell","order_filled_timestamp":1753873200000,"ft_is_entry":false,"ft_order_tag":"exit_signal","cost":9113.179989713799}],"funding_fees":0.0},{"pair":"BTC/USDT","stake_amount":9085.8142709,"max_stake_amount":9085.8142709,"amount":0.07783,"open_date":"2025-08-09 06:00:00+00:00","close_date":"2025-08-14 13:00:00+00:00","open_rate":116739.23,"close_rate":118866.37,"fee_open":0.001,"fee_close":0.001,"trade_duration":7620,"profit_ratio":0.016186887263339698,"profit_abs":147.21812235,"exit_reason":"exit_signal","initial_stop_loss_abs":1167.392300000001,"initial_stop_loss_ratio":-0.99,"stop_loss_abs":1167.392300000001,"stop_loss_ratio":-0.99,"min_rate":116359.89,"max_rate":124474.0,"is_open":false,"enter_tag":"","leverage":1.0,"is_short":false,"open_timestamp":1754719200000,"close_timestamp":1755176400000,"orders":[{"amount":0.07783,"safe_price":116739.23,"ft_order_side":"buy","order_filled_timestamp":1754719200000,"ft_is_entry":true,"ft_order_tag":"","cost":9094.900085170897},{"amount":0.07783,"safe_price":118866.37,"ft_order_side":"sell","order_filled_timestamp":1755176400000,"ft_is_entry":false,"ft_order_tag":"exit_signal","cost":9260.620946677098}],"funding_fees":0.0},{"pair":"BTC/USDT","stake_amount":9232.531634,"max_stake_amount":9232.531634,"amount":0.07955,"open_date":"2025-09-14 22:00:00+00:00","close_date":"2025-09-15 11:00:00+00:00","open_rate":116059.48,"close_rate":114769.03,"fee_open":0.001,"fee_close":0.001,"trade_duration":780,"profit_ratio":-0.013094654148394187,"profit_abs":-121.01770547,"exit_reason":"exit_signal","initial_stop_loss_abs":1160.594800000001,"initial_stop_loss_ratio":-0.99,"stop_loss_abs":1160.594800000001,"stop_loss_ratio":-0.99,"min_rate":114625.87,"max_rate":116757.99,"is_open":false,"enter_tag":"","leverage":1.0,"is_short":false,"open_timestamp":1757887200000,"close_timestamp":1757934000000,"orders":[{"amount":0.07955,"safe_price":116059.48,"ft_order_side":"buy","order_filled_timestamp":1757887200000,"ft_is_entry":true,"ft_order_tag":"","cost":9241.764165633998},{"amount":0.07955,"safe_price":114769.03,"ft_order_side":"sell","order_filled_timestamp":1757934000000,"ft_is_entry":false,"ft_order_tag":"exit_signal","cost":9139.006212836499}],"funding_fees":0.0},{"pair":"BTC/USDT","stake_amount":9112.4517045,"max_stake_amount":9112.4517045,"amount":0.07955,"open_date":"2025-10-01 02:00:00+00:00","close_date":"2025-10-07 17:00:00+00:00","open_rate":114549.99,"close_rate":121684.17,"fee_open":0.001,"fee_close":0.001,"trade_duration":9540,"profit_ratio":0.06015762013763309,"profit_abs":548.73159157,"exit_reason":"exit_signal","initial_stop_loss_abs":1145.4999000000012,"initial_stop_loss_ratio":-0.99,"stop_loss_abs":1145.4999000000012,"stop_loss_ratio":-0.99,"min_rate":114096.58,"max_rate":126199.63,"is_open":false,"enter_tag":"","leverage":1.0,"is_short":false,"open_timestamp":1759284000000,"close_timestamp":1759856400000,"orders":[{"amount":0.07955,"safe_price":114549.99,"ft_order_side":"buy","order_filled_timestamp":1759284000000,"ft_is_entry":true,"ft_order_tag":"","cost":9121.564156204498},{"amount":0.07955,"safe_price":121684.17,"ft_order_side":"sell","order_filled_timestamp":1759856400000,"ft_is_entry":false,"ft_order_tag":"exit_signal","cost":9689.655699223498}],"funding_fees":0.0}],"locks":[],"best_pair":{"key":"BTC/USDT","trades":25,"profit_mean":-0.0006166455195410339,"profit_mean_pct":-0.06,"profit_total_abs":-246.46583040999997,"profit_total":-0.024646583040999998,"profit_total_pct":-2.46,"duration_avg":"2 days, 15:50:00","wins":9,"draws":0,"losses":16,"winrate":0.36,"cagr":-0.03178433515483792,"expectancy":-9.85863321639998,"expectancy_ratio":-0.06352267992206972,"sortino":-0.11839767818497765,"sharpe":-0.06642186175075182,"calmar":-0.8716329309746201,"sqn":-0.1921,"profit_factor":0.900745812621766,"max_drawdown_account":0.19156687380100001,"max_drawdown_abs":1915.6687380100002},"worst_pair":{"key":"BTC/USDT","trades":25,"profit_mean":-0.0006166455195410339,"profit_mean_pct":-0.06,"profit_total_abs":-246.46583040999997,"profit_total":-0.024646583040999998,"profit_total_pct":-2.46,"duration_avg":"2 days, 15:50:00","wins":9,"draws":0,"losses":16,"winrate":0.36,"cagr":-0.03178433515483792,"expectancy":-9.85863321639998,"expectancy_ratio":-0.06352267992206972,"sortino":-0.11839767818497765,"sharpe":-0.06642186175075182,"calmar":-0.8716329309746201,"sqn":-0.1921,"profit_factor":0.900745812621766,"max_drawdown_account":0.19156687380100001,"max_drawdown_abs":1915.6687380100002},"results_per_pair":[{"key":"BTC/USDT","trades":25,"profit_mean":-0.0006166455195410339,"profit_mean_pct":-0.06,"profit_total_abs":-246.46583040999997,"profit_total":-0.024646583040999998,"profit_total_pct":-2.46,"duration_avg":"2 days, 15:50:00","wins":9,"draws":0,"losses":16,"winrate":0.36,"cagr":-0.03178433515483792,"expectancy":-9.85863321639998,"expectancy_ratio":-0.06352267992206972,"sortino":-0.11839767818497765,"sharpe":-0.06642186175075182,"calmar":-0.8716329309746201,"sqn":-0.1921,"profit_factor":0.900745812621766,"max_drawdown_account":0.19156687380100001,"max_drawdown_abs":1915.6687380100002},{"key":"TOTAL","trades":25,"profit_mean":-0.0006166455195410339,"profit_mean_pct":-0.06,"profit_total_abs":-246.46583040999997,"profit_total":-0.024646583040999998,"profit_total_pct":-2.46,"duration_avg":"2 days, 15:50:00","wins":9,"draws":0,"losses":16,"winrate":0.36,"cagr":-0.03178433515483792,"expectancy":-9.85863321639998,"expectancy_ratio":-0.06352267992206972,"sortino":-0.11839767818497765,"sharpe":-0.06642186175075182,"calmar":-0.8716329309746201,"sqn":-0.1921,"profit_factor":0.900745812621766,"max_drawdown_account":0.19156687380100001,"max_drawdown_abs":1915.6687380100002}],"results_per_enter_tag":[{"key":"","trades":25,"profit_mean":-0.0006166455195410339,"profit_mean_pct":-0.06,"profit_total_abs":-246.46583040999997,"profit_total":-0.024646583040999998,"profit_total_pct":-2.46,"duration_avg":"2 days, 15:50:00","wins":9,"draws":0,"losses":16,"winrate":0.36,"cagr":-0.03178433515483792,"expectancy":-9.85863321639998,"expectancy_ratio":-0.06352267992206972,"sortino":-0.11839767818497765,"sharpe":-0.06642186175075182,"calmar":-0.8716329309746201,"sqn":-0.1921,"profit_factor":0.900745812621766,"max_drawdown_account":0.19156687380100001,"max_drawdown_abs":1915.6687380100002},{"key":"TOTAL","trades":25,"profit_mean":-0.0006166455195410339,"profit_mean_pct":-0.06,"profit_total_abs":-246.46583040999997,"profit_total":-0.024646583040999998,"profit_total_pct":-2.46,"duration_avg":"2 days, 15:50:00","wins":9,"draws":0,"losses":16,"winrate":0.36,"cagr":-0.03178433515483792,"expectancy":-9.85863321639998,"expectancy_ratio":-0.06352267992206972,"sortino":-0.11839767818497765,"sharpe":-0.06642186175075182,"calmar":-0.8716329309746201,"sqn":-0.1921,"profit_factor":0.900745812621766,"max_drawdown_account":0.19156687380100001,"max_drawdown_abs":1915.6687380100002}],"exit_reason_summary":[{"key":"exit_signal","trades":25,"profit_mean":-0.0006166455195410339,"profit_mean_pct":-0.06,"profit_total_abs":-246.46583040999997,"profit_total":-0.024646583040999998,"profit_total_pct":-2.46,"duration_avg":"2 days, 15:50:00","wins":9,"draws":0,"losses":16,"winrate":0.36,"cagr":-0.03178433515483792,"expectancy":-9.85863321639998,"expectancy_ratio":-0.06352267992206972,"sortino":-0.11839767818497765,"sharpe":-0.06642186175075182,"calmar":-0.8716329309746201,"sqn":-0.1921,"profit_factor":0.900745812621766,"max_drawdown_account":0.19156687380100001,"max_drawdown_abs":1915.6687380100002},{"key":"TOTAL","trades":25,"profit_mean":-0.0006166455195410339,"profit_mean_pct":-0.06,"profit_total_abs":-246.46583040999997,"profit_total":-0.024646583040999998,"profit_total_pct":-2.46,"duration_avg":"2 days, 15:50:00","wins":9,"draws":0,"losses":16,"winrate":0.36,"cagr":-0.03178433515483792,"expectancy":-9.85863321639998,"expectancy_ratio":-0.06352267992206972,"sortino":-0.11839767818497765,"sharpe":-0.06642186175075182,"calmar":-0.8716329309746201,"sqn":-0.1921,"profit_factor":0.900745812621766,"max_drawdown_account":0.19156687380100001,"max_drawdown_abs":1915.6687380100002}],"mix_tag_stats":[{"key":["","exit_signal"],"trades":25,"profit_mean":-0.0006166455195410339,"profit_mean_pct":-0.06,"profit_total_abs":-246.46583040999997,"profit_total":-0.024646583040999998,"profit_total_pct":-2.46,"duration_avg":"2 days, 15:50:00","wins":9,"draws":0,"losses":16,"winrate":0.36,"cagr":-0.03178433515483792,"expectancy":-9.85863321639998,"expectancy_ratio":-0.06352267992206972,"sortino":-0.11839767818497765,"sharpe":-0.06642186175075182,"calmar":-0.8716329309746201,"sqn":-0.1921,"profit_factor":0.900745812621766,"max_drawdown_account":0.19156687380100001,"max_drawdown_abs":1915.6687380100002},{"key":"TOTAL","trades":25,"profit_mean":-0.0006166455195410339,"profit_mean_pct":-0.06,"profit_total_abs":-246.46583040999997,"profit_total":-0.024646583040999998,"profit_total_pct":-2.46,"duration_avg":"2 days, 15:50:00","wins":9,"draws":0,"losses":16,"winrate":0.36,"cagr":-0.03178433515483792,"expectancy":-9.85863321639998,"expectancy_ratio":-0.06352267992206972,"sortino":-0.11839767818497765,"sharpe":-0.06642186175075182,"calmar":-0.8716329309746201,"sqn":-0.1921,"profit_factor":0.900745812621766,"max_drawdown_account":0.19156687380100001,"max_drawdown_abs":1915.6687380100002}],"left_open_trades":[{"key":"TOTAL","trades":0,"profit_mean":0.0,"profit_mean_pct":0.0,"profit_total_abs":0.0,"profit_total":0.0,"profit_total_pct":0.0,"duration_avg":"0:00","wins":0,"draws":0,"losses":0,"winrate":0.0,"cagr":0.0,"expectancy":0.0,"expectancy_ratio":100.0,"sortino":0,"sharpe":0,"calmar":0,"sqn":0.0,"profit_factor":0.0,"max_drawdown_account":0.0,"max_drawdown_abs":0.0}],"total_trades":25,"trade_count_long":25,"trade_count_short":0,"total_volume":435662.66223139653,"avg_stake_amount":8700.773463844,"profit_mean":-0.0006166455195410339,"profit_median":-0.005168164666978073,"profit_total":-0.024646583040999998,"profit_total_long":-0.024646583040999998,"profit_total_short":0.0,"profit_total_abs":-246.46583040999997,"profit_total_long_abs":-246.46583040999997,"profit_total_short_abs":0.0,"cagr":-0.03178433515483803,"expectancy":-9.85863321639998,"expectancy_ratio":-0.06352267992206972,"sortino":-0.11839767818497765,"sharpe":-0.06642186175075182,"calmar":-0.8716329309746201,"sqn":-0.1921,"profit_factor":0.900745812621766,"backtest_start":"2025-01-01 00:00:00","backtest_start_ts":1735689600000,"backtest_end":"2025-10-10 00:00:00","backtest_end_ts":1760054400000,"backtest_days":282,"backtest_run_start_ts":1760842576,"backtest_run_end_ts":1760842579,"trades_per_day":0.09,"market_change":0.28965889606841616,"pairlist":["BTC/USDT"],"stake_amount":"unlimited","stake_currency":"USDT","stake_currency_decimals":3,"starting_balance":10000,"dry_run_wallet":10000,"final_balance":9753.534169589999,"rejected_signals":0,"timedout_entry_orders":0,"timedout_exit_orders":0,"canceled_trade_entries":0,"canceled_entry_orders":0,"replaced_entry_orders":0,"max_open_trades":1,"max_open_trades_setting":1,"timeframe":"1h","timeframe_detail":"","timerange":"20250101-20251010","enable_protections":false,"strategy_name":"TrendlineBreakoutStrategy","freqaimodel":null,"freqai_identifier":null,"stoploss":-0.99,"trailing_stop":false,"trailing_stop_positive":0.0,"trailing_stop_positive_offset":0.0,"trailing_only_offset_is_reached":false,"use_custom_stoploss":true,"minimal_roi":{"0":100},"use_exit_signal":true,"exit_profit_only":false,"exit_profit_offset":0.0,"ignore_roi_if_entry_signal":false,"trading_mode":"spot","margin_mode":"","periodic_breakdown":{"day":[{"date":"07/01/2025","date_ts":1736208000000,"profit_abs":-54.69126409,"wins":0,"draws":0,"losses":1,"trades":1,"profit_factor":0.0},{"date":"08/01/2025","date_ts":1736294400000,"profit_abs":0.0,"wins":0,"draws":0,"losses":0,"trades":0,"profit_factor":0.0},{"date":"09/01/2025","date_ts":1736380800000,"profit_abs":0.0,"wins":0,"draws":0,"losses":0,"trades":0,"profit_factor":0.0},{"date":"10/01/2025","date_ts":1736467200000,"profit_abs":0.0,"wins":0,"draws":0,"losses":0,"trades":0,"profit_factor":0.0},{"date":"11/01/2025","date_ts":1736553600000,"profit_abs":0.0,"wins":0,"draws":0,"losses":0,"trades":0,"profit_factor":0.0},{"date":"12/01/2025","date_ts":1736640000000,"profit_abs":0.0,"wins":0,"draws":0,"losses":0,"trades":0,"profit_factor":0.0},{"date":"13/01/2025","date_ts":1736726400000,"profit_abs":0.0,"wins":0,"draws":0,"losses":0,"trades":0,"profit_factor":0.0},{"date":"14/01/2025","date_ts":1736812800000,"profit_abs":0.0,"wins":0,"draws":0,"losses":0,"trades":0,"profit_factor":0.0},{"date":"15/01/2025","date_ts":1736899200000,"profit_abs":0.0,"wins":0,"draws":0,"losses":0,"trades":0,"profit_factor":0.0},{"date":"16/01/2025","date_ts":1736985600000,"profit_abs":0.0,"wins":0,"draws":0,"losses":0,"trades":0,"profit_factor":0.0},{"date":"17/01/2025","date_ts":1737072000000,"profit_abs":0.0,"wins":0,"draws":0,"losses":0,"trades":0,"profit_factor":0.0},{"date":"18/01/2025","date_ts":1737158400000,"profit_abs":0.0,"wins":0,"draws":0,"losses":0,"trades":0,"profit_factor":0.0},{"date":"19/01/2025","date_ts":1737244800000,"profit_abs":0.0,"wins":0,"draws":0,"losses":0,"trades":0,"profit_factor":0.0},{"date":"20/01/2025","date_ts":1737331200000,"profit_abs":-939.94002637,"wins":0,"draws":0,"losses":2,"trades":2,"profit_factor":0.0},{"date":"21/01/2025","date_ts":1737417600000,"profit_abs":0.0,"wins":0,"draws":0,"losses":0,"trades":0,"profit_factor":0.0},{"date":"22/01/2025","date_ts":1737504000000,"profit_abs":0.0,"wins":0,"draws":0,"losses":0,"trades":0,"profit_factor":0.0},{"date":"23/01/2025","date_ts":1737590400000,"profit_abs":0.0,"wins":0,"draws":0,"losses":0,"trades":0,"profit_factor":0.0},{"date":"24/01/2025","date_ts":1737676800000,"profit_abs":0.0,"wins":0,"draws":0,"losses":0,"trades":0,"profit_factor":0.0},{"date":"25/01/2025","date_ts":1737763200000,"profit_abs":0.0,"wins":0,"draws":0,"losses":0,"trades":0,"profit_factor":0.0},{"date":"26/01/2025","date_ts":1737849600000,"profit_abs":0.0,"wins":0,"draws":0,"losses":0,"trades":0,"profit_factor":0.0},{"date":"27/01/2025","date_ts":1737936000000,"profit_abs":0.0,"wins":0,"draws":0,"losses":0,"trades":0,"profit_factor":0.0},{"date":"28/01/2025","date_ts":1738022400000,"profit_abs":-315.3966545,"wins":0,"draws":0,"losses":1,"trades":1,"profit_factor":0.0},{"date":"29/01/2025","date_ts":1738108800000,"profit_abs":0.0,"wins":0,"draws":0,"losses":0,"trades":0,"profit_factor":0.0},{"date":"30/01/2025","date_ts":1738195200000,"profit_abs":0.0,"wins":0,"draws":0,"losses":0,"trades":0,"profit_factor":0.0},{"date":"31/01/2025","date_ts":1738281600000,"profit_abs":0.0,"wins":0,"draws":0,"losses":0,"trades":0,"profit_factor":0.0},{"date":"01/02/2025","date_ts":1738368000000,"profit_abs":0.0,"wins":0,"draws":0,"losses":0,"trades":0,"profit_factor":0.0},{"date":"02/02/2025","date_ts":1738454400000,"profit_abs":0.0,"wins":0,"draws":0,"losses":0,"trades":0,"profit_factor":0.0},{"date":"03/02/2025","date_ts":1738540800000,"profit_abs":0.0,"wins":0,"draws":0,"losses":0,"trades":0,"profit_factor":0.0},{"date":"04/02/2025","date_ts":1738627200000,"profit_abs":0.0,"wins":0,"draws":0,"losses":0,"trades":0,"profit_factor":0.0},{"date":"05/02/2025","date_ts":1738713600000,"profit_abs":0.0,"wins":0,"draws":0,"losses":0,"trades":0,"profit_factor":0.0},{"date":"06/02/2025","date_ts":1738800000000,"profit_abs":0.0,"wins":0,"draws":0,"losses":0,"trades":0,"profit_factor":0.0},{"date":"07/02/2025","date_ts":1738886400000,"profit_abs":0.0,"wins":0,"draws":0,"losses":0,"trades":0,"profit_factor":0.0},{"date":"08/02/2025","date_ts":1738972800000,"profit_abs":0.0,"wins":0,"draws":0,"losses":0,"trades":0,"profit_factor":0.0},{"date":"09/02/2025","date_ts":1739059200000,"profit_abs":0.0,"wins":0,"draws":0,"losses":0,"trades":0,"profit_factor":0.0},{"date":"10/02/2025","date_ts":1739145600000,"profit_abs":0.0,"wins":0,"draws":0,"losses":0,"trades":0,"profit_factor":0.0},{"date":"11/02/2025","date_ts":1739232000000,"profit_abs":0.0,"wins":0,"draws":0,"losses":0,"trades":0,"profit_factor":0.0},{"date":"12/02/2025","date_ts":1739318400000,"profit_abs":0.0,"wins":0,"draws":0,"losses":0,"trades":0,"profit_factor":0.0},{"date":"13/02/2025","date_ts":1739404800000,"profit_abs":0.0,"wins":0,"draws":0,"losses":0,"trades":0,"profit_factor":0.0},{"date":"14/02/2025","date_ts":1739491200000,"profit_abs":0.0,"wins":0,"draws":0,"losses":0,"trades":0,"profit_factor":0.0},{"date":"15/02/2025","date_ts":1739577600000,"profit_abs":0.0,"wins":0,"draws":0,"losses":0,"trades":0,"profit_factor":0.0},{"date":"16/02/2025","date_ts":1739664000000,"profit_abs":-38.39526404,"wins":0,"draws":0,"losses":1,"trades":1,"profit_factor":0.0},{"date":"17/02/2025","date_ts":1739750400000,"profit_abs":0.0,"wins":0,"draws":0,"losses":0,"trades":0,"profit_factor":0.0},{"date":"18/02/2025","date_ts":1739836800000,"profit_abs":0.0,"wins":0,"draws":0,"losses":0,"trades":0,"profit_factor":0.0},{"date":"19/02/2025","date_ts":1739923200000,"profit_abs":0.0,"wins":0,"draws":0,"losses":0,"trades":0,"profit_factor":0.0},{"date":"20/02/2025","date_ts":1740009600000,"profit_abs":0.0,"wins":0,"draws":0,"losses":0,"trades":0,"profit_factor":0.0},{"date":"21/02/2025","date_ts":1740096000000,"profit_abs":0.0,"wins":0,"draws":0,"losses":0,"trades":0,"profit_factor":0.0},{"date":"22/02/2025","date_ts":1740182400000,"profit_abs":0.0,"wins":0,"draws":0,"losses":0,"trades":0,"profit_factor":0.0},{"date":"23/02/2025","date_ts":1740268800000,"profit_abs":0.0,"wins":0,"draws":0,"losses":0,"trades":0,"profit_factor":0.0},{"date":"24/02/2025","date_ts":1740355200000,"profit_abs":0.0,"wins":0,"draws":0,"losses":0,"trades":0,"profit_factor":0.0},{"date":"25/02/2025","date_ts":1740441600000,"profit_abs":0.0,"wins":0,"draws":0,"losses":0,"trades":0,"profit_factor":0.0},{"date":"26/02/2025","date_ts":1740528000000,"profit_abs":0.0,"wins":0,"draws":0,"losses":0,"trades":0,"profit_factor":0.0},{"date":"27/02/2025","date_ts":1740614400000,"profit_abs":0.0,"wins":0,"draws":0,"losses":0,"trades":0,"profit_factor":0.0},{"date":"28/02/2025","date_ts":1740700800000,"profit_abs":0.0,"wins":0,"draws":0,"losses":0,"trades":0,"profit_factor":0.0},{"date":"01/03/2025","date_ts":1740787200000,"profit_abs":0.0,"wins":0,"draws":0,"losses":0,"trades":0,"profit_factor":0.0},{"date":"02/03/2025","date_ts":1740873600000,"profit_abs":0.0,"wins":0,"draws":0,"losses":0,"trades":0,"profit_factor":0.0},{"date":"03/03/2025","date_ts":1740960000000,"profit_abs":0.0,"wins":0,"draws":0,"losses":0,"trades":0,"profit_factor":0.0},{"date":"04/03/2025","date_ts":1741046400000,"profit_abs":0.0,"wins":0,"draws":0,"losses":0,"trades":0,"profit_factor":0.0},{"date":"05/03/2025","date_ts":1741132800000,"profit_abs":0.0,"wins":0,"draws":0,"losses":0,"trades":0,"profit_factor":0.0},{"date":"06/03/2025","date_ts":1741219200000,"profit_abs":0.0,"wins":0,"draws":0,"losses":0,"trades":0,"profit_factor":0.0},{"date":"07/03/2025","date_ts":1741305600000,"profit_abs":0.0,"wins":0,"draws":0,"losses":0,"trades":0,"profit_factor":0.0},{"date":"08/03/2025","date_ts":1741392000000,"profit_abs":0.0,"wins":0,"draws":0,"losses":0,"trades":0,"profit_factor":0.0},{"date":"09/03/2025","date_ts":1741478400000,"profit_abs":0.0,"wins":0,"draws":0,"losses":0,"trades":0,"profit_factor":0.0},{"date":"10/03/2025","date_ts":1741564800000,"profit_abs":0.0,"wins":0,"draws":0,"losses":0,"trades":0,"profit_factor":0.0},{"date":"11/03/2025","date_ts":1741651200000,"profit_abs":0.0,"wins":0,"draws":0,"losses":0,"trades":0,"profit_factor":0.0},{"date":"12/03/2025","date_ts":1741737600000,"profit_abs":0.0,"wins":0,"draws":0,"losses":0,"trades":0,"profit_factor":0.0},{"date":"13/03/2025","date_ts":1741824000000,"profit_abs":0.0,"wins":0,"draws":0,"losses":0,"trades":0,"profit_factor":0.0},{"date":"14/03/2025","date_ts":1741910400000,"profit_abs":0.0,"wins":0,"draws":0,"losses":0,"trades":0,"profit_factor":0.0},{"date":"15/03/2025","date_ts":1741996800000,"profit_abs":0.0,"wins":0,"draws":0,"losses":0,"trades":0,"profit_factor":0.0},{"date":"16/03/2025","date_ts":1742083200000,"profit_abs":-143.67955693,"wins":0,"draws":0,"losses":1,"trades":1,"profit_factor":0.0},{"date":"17/03/2025","date_ts":1742169600000,"profit_abs":0.0,"wins":0,"draws":0,"losses":0,"trades":0,"profit_factor":0.0},{"date":"18/03/2025","date_ts":1742256000000,"profit_abs":0.0,"wins":0,"draws":0,"losses":0,"trades":0,"profit_factor":0.0},{"date":"19/03/2025","date_ts":1742342400000,"profit_abs":0.0,"wins":0,"draws":0,"losses":0,"trades":0,"profit_factor":0.0},{"date":"20/03/2025","date_ts":1742428800000,"profit_abs":0.0,"wins":0,"draws":0,"losses":0,"trades":0,"profit_factor":0.0},{"date":"21/03/2025","date_ts":1742515200000,"profit_abs":-226.73179518,"wins":0,"draws":0,"losses":1,"trades":1,"profit_factor":0.0},{"date":"22/03/2025","date_ts":1742601600000,"profit_abs":0.0,"wins":0,"draws":0,"losses":0,"trades":0,"profit_factor":0.0},{"date":"23/03/2025","date_ts":1742688000000,"profit_abs":0.0,"wins":0,"draws":0,"losses":0,"trades":0,"profit_factor":0.0},{"date":"24/03/2025","date_ts":1742774400000,"profit_abs":0.0,"wins":0,"draws":0,"losses":0,"trades":0,"profit_factor":0.0},{"date":"25/03/2025","date_ts":1742860800000,"profit_abs":0.0,"wins":0,"draws":0,"losses":0,"trades":0,"profit_factor":0.0},{"date":"26/03/2025","date_ts":1742947200000,"profit_abs":-196.8341769,"wins":0,"draws":0,"losses":1,"trades":1,"profit_factor":0.0},{"date":"27/03/2025","date_ts":1743033600000,"profit_abs":0.0,"wins":0,"draws":0,"losses":0,"trades":0,"profit_factor":0.0},{"date":"28/03/2025","date_ts":1743120000000,"profit_abs":0.0,"wins":0,"draws":0,"losses":0,"trades":0,"profit_factor":0.0},{"date":"29/03/2025","date_ts":1743206400000,"profit_abs":0.0,"wins":0,"draws":0,"losses":0,"trades":0,"profit_factor":0.0},{"date":"30/03/2025","date_ts":1743292800000,"profit_abs":0.0,"wins":0,"draws":0,"losses":0,"trades":0,"profit_factor":0.0},{"date":"31/03/2025","date_ts":1743379200000,"profit_abs":0.0,"wins":0,"draws":0,"losses":0,"trades":0,"profit_factor":0.0},{"date":"01/04/2025","date_ts":1743465600000,"profit_abs":0.0,"wins":0,"draws":0,"losses":0,"trades":0,"profit_factor":0.0},{"date":"02/04/2025","date_ts":1743552000000,"profit_abs":0.0,"wins":0,"draws":0,"losses":0,"trades":0,"profit_factor":0.0},{"date":"03/04/2025","date_ts":1743638400000,"profit_abs":0.0,"wins":0,"draws":0,"losses":0,"trades":0,"profit_factor":0.0},{"date":"04/04/2025","date_ts":1743724800000,"profit_abs":0.0,"wins":0,"draws":0,"losses":0,"trades":0,"profit_factor":0.0},{"date":"05/04/2025","date_ts":1743811200000,"profit_abs":0.0,"wins":0,"draws":0,"losses":0,"trades":0,"profit_factor":0.0},{"date":"06/04/2025","date_ts":1743897600000,"profit_abs":0.0,"wins":0,"draws":0,"losses":0,"trades":0,"profit_factor":0.0},{"date":"07/04/2025","date_ts":1743984000000,"profit_abs":0.0,"wins":0,"draws":0,"losses":0,"trades":0,"profit_factor":0.0},{"date":"08/04/2025","date_ts":1744070400000,"profit_abs":0.0,"wins":0,"draws":0,"losses":0,"trades":0,"profit_factor":0.0},{"date":"09/04/2025","date_ts":1744156800000,"profit_abs":0.0,"wins":0,"draws":0,"losses":0,"trades":0,"profit_factor":0.0},{"date":"10/04/2025","date_ts":1744243200000,"profit_abs":0.0,"wins":0,"draws":0,"losses":0,"trades":0,"profit_factor":0.0},{"date":"11/04/2025","date_ts":1744329600000,"profit_abs":0.0,"wins":0,"draws":0,"losses":0,"trades":0,"profit_factor":0.0},{"date":"12/04/2025","date_ts":1744416000000,"profit_abs":0.0,"wins":0,"draws":0,"losses":0,"trades":0,"profit_factor":0.0},{"date":"13/04/2025","date_ts":1744502400000,"profit_abs":0.0,"wins":0,"draws":0,"losses":0,"trades":0,"profit_factor":0.0},{"date":"14/04/2025","date_ts":1744588800000,"profit_abs":0.0,"wins":0,"draws":0,"losses":0,"trades":0,"profit_factor":0.0},{"date":"15/04/2025","date_ts":1744675200000,"profit_abs":237.00243775,"wins":1,"draws":0,"losses":0,"trades":1,"profit_factor":0.0},{"date":"16/04/2025","date_ts":1744761600000,"profit_abs":0.0,"wins":0,"draws":0,"losses":0,"trades":0,"profit_factor":0.0},{"date":"17/04/2025","date_ts":1744848000000,"profit_abs":0.0,"wins":0,"draws":0,"losses":0,"trades":0,"profit_factor":0.0},{"date":"18/04/2025","date_ts":1744934400000,"profit_abs":0.0,"wins":0,"draws":0,"losses":0,"trades":0,"profit_factor":0.0},{"date":"19/04/2025","date_ts":1745020800000,"profit_abs":0.0,"wins":0,"draws":0,"losses":0,"trades":0,"profit_factor":0.0},{"date":"20/04/2025","date_ts":1745107200000,"profit_abs":-38.30122099,"wins":0,"draws":0,"losses":1,"trades":1,"profit_factor":0.0},{"date":"21/04/2025","date_ts":1745193600000,"profit_abs":0.0,"wins":0,"draws":0,"losses":0,"trades":0,"profit_factor":0.0},{"date":"22/04/2025","date_ts":1745280000000,"profit_abs":0.0,"wins":0,"draws":0,"losses":0,"trades":0,"profit_factor":0.0},{"date":"23/04/2025","date_ts":1745366400000,"profit_abs":0.0,"wins":0,"draws":0,"losses":0,"trades":0,"profit_factor":0.0},{"date":"24/04/2025","date_ts":1745452800000,"profit_abs":0.0,"wins":0,"draws":0,"losses":0,"trades":0,"profit_factor":0.0},{"date":"25/04/2025","date_ts":1745539200000,"profit_abs":0.0,"wins":0,"draws":0,"losses":0,"trades":0,"profit_factor":0.0},{"date":"26/04/2025","date_ts":1745625600000,"profit_abs":0.0,"wins":0,"draws":0,"losses":0,"trades":0,"profit_factor":0.0},{"date":"27/04/2025","date_ts":1745712000000,"profit_abs":0.0,"wins":0,"draws":0,"losses":0,"trades":0,"profit_factor":0.0},{"date":"28/04/2025","date_ts":1745798400000,"profit_abs":0.0,"wins":0,"draws":0,"losses":0,"trades":0,"profit_factor":0.0},{"date":"29/04/2025","date_ts":1745884800000,"profit_abs":0.0,"wins":0,"draws":0,"losses":0,"trades":0,"profit_factor":0.0},{"date":"30/04/2025","date_ts":1745971200000,"profit_abs":-76.62161857,"wins":0,"draws":0,"losses":1,"trades":1,"profit_factor":0.0},{"date":"01/05/2025","date_ts":1746057600000,"profit_abs":0.0,"wins":0,"draws":0,"losses":0,"trades":0,"profit_factor":0.0},{"date":"02/05/2025","date_ts":1746144000000,"profit_abs":0.0,"wins":0,"draws":0,"losses":0,"trades":0,"profit_factor":0.0},{"date":"03/05/2025","date_ts":1746230400000,"profit_abs":0.0,"wins":0,"draws":0,"losses":0,"trades":0,"profit_factor":0.0},{"date":"04/05/2025","date_ts":1746316800000,"profit_abs":57.15520092,"wins":1,"draws":0,"losses":0,"trades":1,"profit_factor":0.0},{"date":"05/05/2025","date_ts":1746403200000,"profit_abs":0.0,"wins":0,"draws":0,"losses":0,"trades":0,"profit_factor":0.0},{"date":"06/05/2025","date_ts":1746489600000,"profit_abs":0.0,"wins":0,"draws":0,"losses":0,"trades":0,"profit_factor":0.0},{"date":"07/05/2025","date_ts":1746576000000,"profit_abs":0.0,"wins":0,"draws":0,"losses":0,"trades":0,"profit_factor":0.0},{"date":"08/05/2025","date_ts":1746662400000,"profit_abs":0.0,"wins":0,"draws":0,"losses":0,"trades":0,"profit_factor":0.0},{"date":"09/05/2025","date_ts":1746748800000,"profit_abs":0.0,"wins":0,"draws":0,"losses":0,"trades":0,"profit_factor":0.0},{"date":"10/05/2025","date_ts":1746835200000,"profit_abs":0.0,"wins":0,"draws":0,"losses":0,"trades":0,"profit_factor":0.0},{"date":"11/05/2025","date_ts":1746921600000,"profit_abs":0.0,"wins":0,"draws":0,"losses":0,"trades":0,"profit_factor":0.0},{"date":"12/05/2025","date_ts":1747008000000,"profit_abs":306.33171793,"wins":1,"draws":0,"losses":0,"trades":1,"profit_factor":0.0},{"date":"13/05/2025","date_ts":1747094400000,"profit_abs":0.0,"wins":0,"draws":0,"losses":0,"trades":0,"profit_factor":0.0},{"date":"14/05/2025","date_ts":1747180800000,"profit_abs":0.0,"wins":0,"draws":0,"losses":0,"trades":0,"profit_factor":0.0},{"date":"15/05/2025","date_ts":1747267200000,"profit_abs":0.0,"wins":0,"draws":0,"losses":0,"trades":0,"profit_factor":0.0},{"date":"16/05/2025","date_ts":1747353600000,"profit_abs":0.0,"wins":0,"draws":0,"losses":0,"trades":0,"profit_factor":0.0},{"date":"17/05/2025","date_ts":1747440000000,"profit_abs":-43.88876092,"wins":0,"draws":0,"losses":1,"trades":1,"profit_factor":0.0},{"date":"18/05/2025","date_ts":1747526400000,"profit_abs":0.0,"wins":0,"draws":0,"losses":0,"trades":0,"profit_factor":0.0},{"date":"19/05/2025","date_ts":1747612800000,"profit_abs":-69.44189739,"wins":0,"draws":0,"losses":1,"trades":1,"profit_factor":0.0},{"date":"20/05/2025","date_ts":1747699200000,"profit_abs":0.0,"wins":0,"draws":0,"losses":0,"trades":0,"profit_factor":0.0},{"date":"21/05/2025","date_ts":1747785600000,"profit_abs":0.0,"wins":0,"draws":0,"losses":0,"trades":0,"profit_factor":0.0},{"date":"22/05/2025","date_ts":1747872000000,"profit_abs":0.0,"wins":0,"draws":0,"losses":0,"trades":0,"profit_factor":0.0},{"date":"23/05/2025","date_ts":1747958400000,"profit_abs":43.49627724,"wins":1,"draws":0,"losses":0,"trades":1,"profit_factor":0.0},{"date":"24/05/2025","date_ts":1748044800000,"profit_abs":0.0,"wins":0,"draws":0,"losses":0,"trades":0,"profit_factor":0.0},{"date":"25/05/2025","date_ts":1748131200000,"profit_abs":0.0,"wins":0,"draws":0,"losses":0,"trades":0,"profit_factor":0.0},{"date":"26/05/2025","date_ts":1748217600000,"profit_abs":0.0,"wins":0,"draws":0,"losses":0,"trades":0,"profit_factor":0.0},{"date":"27/05/2025","date_ts":1748304000000,"profit_abs":0.0,"wins":0,"draws":0,"losses":0,"trades":0,"profit_factor":0.0},{"date":"28/05/2025","date_ts":1748390400000,"profit_abs":-83.75054599,"wins":0,"draws":0,"losses":1,"trades":1,"profit_factor":0.0},{"date":"29/05/2025","date_ts":1748476800000,"profit_abs":0.0,"wins":0,"draws":0,"losses":0,"trades":0,"profit_factor":0.0},{"date":"30/05/2025","date_ts":1748563200000,"profit_abs":0.0,"wins":0,"draws":0,"losses":0,"trades":0,"profit_factor":0.0},{"date":"31/05/2025","date_ts":1748649600000,"profit_abs":0.0,"wins":0,"draws":0,"losses":0,"trades":0,"profit_factor":0.0},{"date":"01/06/2025","date_ts":1748736000000,"profit_abs":0.0,"wins":0,"draws":0,"losses":0,"trades":0,"profit_factor":0.0},{"date":"02/06/2025","date_ts":1748822400000,"profit_abs":0.0,"wins":0,"draws":0,"losses":0,"trades":0,"profit_factor":0.0},{"date":"03/06/2025","date_ts":1748908800000,"profit_abs":0.0,"wins":0,"draws":0,"losses":0,"trades":0,"profit_factor":0.0},{"date":"04/06/2025","date_ts":1748995200000,"profit_abs":0.0,"wins":0,"draws":0,"losses":0,"trades":0,"profit_factor":0.0},{"date":"05/06/2025","date_ts":1749081600000,"profit_abs":0.0,"wins":0,"draws":0,"losses":0,"trades":0,"profit_factor":0.0},{"date":"06/06/2025","date_ts":1749168000000,"profit_abs":0.0,"wins":0,"draws":0,"losses":0,"trades":0,"profit_factor":0.0},{"date":"07/06/2025","date_ts":1749254400000,"profit_abs":0.0,"wins":0,"draws":0,"losses":0,"trades":0,"profit_factor":0.0},{"date":"08/06/2025","date_ts":1749340800000,"profit_abs":0.0,"wins":0,"draws":0,"losses":0,"trades":0,"profit_factor":0.0},{"date":"09/06/2025","date_ts":1749427200000,"profit_abs":0.0,"wins":0,"draws":0,"losses":0,"trades":0,"profit_factor":0.0},{"date":"10/06/2025","date_ts":1749513600000,"profit_abs":0.0,"wins":0,"draws":0,"losses":0,"trades":0,"profit_factor":0.0},{"date":"11/06/2025","date_ts":1749600000000,"profit_abs":0.0,"wins":0,"draws":0,"losses":0,"trades":0,"profit_factor":0.0},{"date":"12/06/2025","date_ts":1749686400000,"profit_abs":189.23995848,"wins":1,"draws":0,"losses":0,"trades":1,"profit_factor":0.0},{"date":"13/06/2025","date_ts":1749772800000,"profit_abs":0.0,"wins":0,"draws":0,"losses":0,"trades":0,"profit_factor":0.0},{"date":"14/06/2025","date_ts":1749859200000,"profit_abs":0.0,"wins":0,"draws":0,"losses":0,"trades":0,"profit_factor":0.0},{"date":"15/06/2025","date_ts":1749945600000,"profit_abs":0.0,"wins":0,"draws":0,"losses":0,"trades":0,"profit_factor":0.0},{"date":"16/06/2025","date_ts":1750032000000,"profit_abs":0.0,"wins":0,"draws":0,"losses":0,"trades":0,"profit_factor":0.0},{"date":"17/06/2025","date_ts":1750118400000,"profit_abs":0.0,"wins":0,"draws":0,"losses":0,"trades":0,"profit_factor":0.0},{"date":"18/06/2025","date_ts":1750204800000,"profit_abs":0.0,"wins":0,"draws":0,"losses":0,"trades":0,"profit_factor":0.0},{"date":"19/06/2025","date_ts":1750291200000,"profit_abs":0.0,"wins":0,"draws":0,"losses":0,"trades":0,"profit_factor":0.0},{"date":"20/06/2025","date_ts":1750377600000,"profit_abs":0.0,"wins":0,"draws":0,"losses":0,"trades":0,"profit_factor":0.0},{"date":"21/06/2025","date_ts":1750464000000,"profit_abs":0.0,"wins":0,"draws":0,"losses":0,"trades":0,"profit_factor":0.0},{"date":"22/06/2025","date_ts":1750550400000,"profit_abs":0.0,"wins":0,"draws":0,"losses":0,"trades":0,"profit_factor":0.0},{"date":"23/06/2025","date_ts":1750636800000,"profit_abs":0.0,"wins":0,"draws":0,"losses":0,"trades":0,"profit_factor":0.0},{"date":"24/06/2025","date_ts":1750723200000,"profit_abs":0.0,"wins":0,"draws":0,"losses":0,"trades":0,"profit_factor":0.0},{"date":"25/06/2025","date_ts":1750809600000,"profit_abs":0.0,"wins":0,"draws":0,"losses":0,"trades":0,"profit_factor":0.0},{"date":"26/06/2025","date_ts":1750896000000,"profit_abs":0.0,"wins":0,"draws":0,"losses":0,"trades":0,"profit_factor":0.0},{"date":"27/06/2025","date_ts":1750982400000,"profit_abs":0.0,"wins":0,"draws":0,"losses":0,"trades":0,"profit_factor":0.0},{"date":"28/06/2025","date_ts":1751068800000,"profit_abs":0.0,"wins":0,"draws":0,"losses":0,"trades":0,"profit_factor":0.0},{"date":"29/06/2025","date_ts":1751155200000,"profit_abs":0.0,"wins":0,"draws":0,"losses":0,"trades":0,"profit_factor":0.0},{"date":"30/06/2025","date_ts":1751241600000,"profit_abs":0.0,"wins":0,"draws":0,"losses":0,"trades":0,"profit_factor":0.0},{"date":"01/07/2025","date_ts":1751328000000,"profit_abs":114.35577523,"wins":1,"draws":0,"losses":0,"trades":1,"profit_factor":0.0},{"date":"02/07/2025","date_ts":1751414400000,"profit_abs":0.0,"wins":0,"draws":0,"losses":0,"trades":0,"profit_factor":0.0},{"date":"03/07/2025","date_ts":1751500800000,"profit_abs":0.0,"wins":0,"draws":0,"losses":0,"trades":0,"profit_factor":0.0},{"date":"04/07/2025","date_ts":1751587200000,"profit_abs":0.0,"wins":0,"draws":0,"losses":0,"trades":0,"profit_factor":0.0},{"date":"05/07/2025","date_ts":1751673600000,"profit_abs":0.0,"wins":0,"draws":0,"losses":0,"trades":0,"profit_factor":0.0},{"date":"06/07/2025","date_ts":1751760000000,"profit_abs":0.0,"wins":0,"draws":0,"losses":0,"trades":0,"profit_factor":0.0},{"date":"07/07/2025","date_ts":1751846400000,"profit_abs":0.0,"wins":0,"draws":0,"losses":0,"trades":0,"profit_factor":0.0},{"date":"08/07/2025","date_ts":1751932800000,"profit_abs":0.0,"wins":0,"draws":0,"losses":0,"trades":0,"profit_factor":0.0},{"date":"09/07/2025","date_ts":1752019200000,"profit_abs":0.0,"wins":0,"draws":0,"losses":0,"trades":0,"profit_factor":0.0},{"date":"10/07/2025","date_ts":1752105600000,"profit_abs":0.0,"wins":0,"draws":0,"losses":0,"trades":0,"profit_factor":0.0},{"date":"11/07/2025","date_ts":1752192000000,"profit_abs":0.0,"wins":0,"draws":0,"losses":0,"trades":0,"profit_factor":0.0},{"date":"12/07/2025","date_ts":1752278400000,"profit_abs":0.0,"wins":0,"draws":0,"losses":0,"trades":0,"profit_factor":0.0},{"date":"13/07/2025","date_ts":1752364800000,"profit_abs":0.0,"wins":0,"draws":0,"losses":0,"trades":0,"profit_factor":0.0},{"date":"14/07/2025","date_ts":1752451200000,"profit_abs":0.0,"wins":0,"draws":0,"losses":0,"trades":0,"profit_factor":0.0},{"date":"15/07/2025","date_ts":1752537600000,"profit_abs":593.18124836,"wins":1,"draws":0,"losses":0,"trades":1,"profit_factor":0.0},{"date":"16/07/2025","date_ts":1752624000000,"profit_abs":0.0,"wins":0,"draws":0,"losses":0,"trades":0,"profit_factor":0.0},{"date":"17/07/2025","date_ts":1752710400000,"profit_abs":0.0,"wins":0,"draws":0,"losses":0,"trades":0,"profit_factor":0.0},{"date":"18/07/2025","date_ts":1752796800000,"profit_abs":-89.05584619,"wins":0,"draws":0,"losses":1,"trades":1,"profit_factor":0.0},{"date":"19/07/2025","date_ts":1752883200000,"profit_abs":0.0,"wins":0,"draws":0,"losses":0,"trades":0,"profit_factor":0.0},{"date":"20/07/2025","date_ts":1752969600000,"profit_abs":0.0,"wins":0,"draws":0,"losses":0,"trades":0,"profit_factor":0.0},{"date":"21/07/2025","date_ts":1753056000000,"profit_abs":0.0,"wins":0,"draws":0,"losses":0,"trades":0,"profit_factor":0.0},{"date":"22/07/2025","date_ts":1753142400000,"profit_abs":0.0,"wins":0,"draws":0,"losses":0,"trades":0,"profit_factor":0.0},{"date":"23/07/2025","date_ts":1753228800000,"profit_abs":0.0,"wins":0,"draws":0,"losses":0,"trades":0,"profit_factor":0.0},{"date":"24/07/2025","date_ts":1753315200000,"profit_abs":0.0,"wins":0,"draws":0,"losses":0,"trades":0,"profit_factor":0.0},{"date":"25/07/2025","date_ts":1753401600000,"profit_abs":0.0,"wins":0,"draws":0,"losses":0,"trades":0,"profit_factor":0.0},{"date":"26/07/2025","date_ts":1753488000000,"profit_abs":0.0,"wins":0,"draws":0,"losses":0,"trades":0,"profit_factor":0.0},{"date":"27/07/2025","date_ts":1753574400000,"profit_abs":0.0,"wins":0,"draws":0,"losses":0,"trades":0,"profit_factor":0.0},{"date":"28/07/2025","date_ts":1753660800000,"profit_abs":0.0,"wins":0,"draws":0,"losses":0,"trades":0,"profit_factor":0.0},{"date":"29/07/2025","date_ts":1753747200000,"profit_abs":0.0,"wins":0,"draws":0,"losses":0,"trades":0,"profit_factor":0.0},{"date":"30/07/2025","date_ts":1753833600000,"profit_abs":-45.43182671,"wins":0,"draws":0,"losses":1,"trades":1,"profit_factor":0.0},{"date":"31/07/2025","date_ts":1753920000000,"profit_abs":0.0,"wins":0,"draws":0,"losses":0,"trades":0,"profit_factor":0.0},{"date":"01/08/2025","date_ts":1754006400000,"profit_abs":0.0,"wins":0,"draws":0,"losses":0,"trades":0,"profit_factor":0.0},{"date":"02/08/2025","date_ts":1754092800000,"profit_abs":0.0,"wins":0,"draws":0,"losses":0,"trades":0,"profit_factor":0.0},{"date":"03/08/2025","date_ts":1754179200000,"profit_abs":0.0,"wins":0,"draws":0,"losses":0,"trades":0,"profit_factor":0.0},{"date":"04/08/2025","date_ts":1754265600000,"profit_abs":0.0,"wins":0,"draws":0,"losses":0,"trades":0,"profit_factor":0.0},{"date":"05/08/2025","date_ts":1754352000000,"profit_abs":0.0,"wins":0,"draws":0,"losses":0,"trades":0,"profit_factor":0.0},{"date":"06/08/2025","date_ts":1754438400000,"profit_abs":0.0,"wins":0,"draws":0,"losses":0,"trades":0,"profit_factor":0.0},{"date":"07/08/2025","date_ts":1754524800000,"profit_abs":0.0,"wins":0,"draws":0,"losses":0,"trades":0,"profit_factor":0.0},{"date":"08/08/2025","date_ts":1754611200000,"profit_abs":0.0,"wins":0,"draws":0,"losses":0,"trades":0,"profit_factor":0.0},{"date":"09/08/2025","date_ts":1754697600000,"profit_abs":0.0,"wins":0,"draws":0,"losses":0,"trades":0,"profit_factor":0.0},{"date":"10/08/2025","date_ts":1754784000000,"profit_abs":0.0,"wins":0,"draws":0,"losses":0,"trades":0,"profit_factor":0.0},{"date":"11/08/2025","date_ts":1754870400000,"profit_abs":0.0,"wins":0,"draws":0,"losses":0,"trades":0,"profit_factor":0.0},{"date":"12/08/2025","date_ts":1754956800000,"profit_abs":0.0,"wins":0,"draws":0,"losses":0,"trades":0,"profit_factor":0.0},{"date":"13/08/2025","date_ts":1755043200000,"profit_abs":0.0,"wins":0,"draws":0,"losses":0,"trades":0,"profit_factor":0.0},{"date":"14/08/2025","date_ts":1755129600000,"profit_abs":147.21812235,"wins":1,"draws":0,"losses":0,"trades":1,"profit_factor":0.0},{"date":"15/08/2025","date_ts":1755216000000,"profit_abs":0.0,"wins":0,"draws":0,"losses":0,"trades":0,"profit_factor":0.0},{"date":"16/08/2025","date_ts":1755302400000,"profit_abs":0.0,"wins":0,"draws":0,"losses":0,"trades":0,"profit_factor":0.0},{"date":"17/08/2025","date_ts":1755388800000,"profit_abs":0.0,"wins":0,"draws":0,"losses":0,"trades":0,"profit_factor":0.0},{"date":"18/08/2025","date_ts":1755475200000,"profit_abs":0.0,"wins":0,"draws":0,"losses":0,"trades":0,"profit_factor":0.0},{"date":"19/08/2025","date_ts":1755561600000,"profit_abs":0.0,"wins":0,"draws":0,"losses":0,"trades":0,"profit_factor":0.0},{"date":"20/08/2025","date_ts":1755648000000,"profit_abs":0.0,"wins":0,"draws":0,"losses":0,"trades":0,"profit_factor":0.0},{"date":"21/08/2025","date_ts":1755734400000,"profit_abs":0.0,"wins":0,"draws":0,"losses":0,"trades":0,"profit_factor":0.0},{"date":"22/08/2025","date_ts":1755820800000,"profit_abs":0.0,"wins":0,"draws":0,"losses":0,"trades":0,"profit_factor":0.0},{"date":"23/08/2025","date_ts":1755907200000,"profit_abs":0.0,"wins":0,"draws":0,"losses":0,"trades":0,"profit_factor":0.0},{"date":"24/08/2025","date_ts":1755993600000,"profit_abs":0.0,"wins":0,"draws":0,"losses":0,"trades":0,"profit_factor":0.0},{"date":"25/08/2025","date_ts":1756080000000,"profit_abs":0.0,"wins":0,"draws":0,"losses":0,"trades":0,"profit_factor":0.0},{"date":"26/08/2025","date_ts":1756166400000,"profit_abs":0.0,"wins":0,"draws":0,"losses":0,"trades":0,"profit_factor":0.0},{"date":"27/08/2025","date_ts":1756252800000,"profit_abs":0.0,"wins":0,"draws":0,"losses":0,"trades":0,"profit_factor":0.0},{"date":"28/08/2025","date_ts":1756339200000,"profit_abs":0.0,"wins":0,"draws":0,"losses":0,"trades":0,"profit_factor":0.0},{"date":"29/08/2025","date_ts":1756425600000,"profit_abs":0.0,"wins":0,"draws":0,"losses":0,"trades":0,"profit_factor":0.0},{"date":"30/08/2025","date_ts":1756512000000,"profit_abs":0.0,"wins":0,"draws":0,"losses":0,"trades":0,"profit_factor":0.0},{"date":"31/08/2025","date_ts":1756598400000,"profit_abs":0.0,"wins":0,"draws":0,"losses":0,"trades":0,"profit_factor":0.0},{"date":"01/09/2025","date_ts":1756684800000,"profit_abs":0.0,"wins":0,"draws":0,"losses":0,"trades":0,"profit_factor":0.0},{"date":"02/09/2025","date_ts":1756771200000,"profit_abs":0.0,"wins":0,"draws":0,"losses":0,"trades":0,"profit_factor":0.0},{"date":"03/09/2025","date_ts":1756857600000,"profit_abs":0.0,"wins":0,"draws":0,"losses":0,"trades":0,"profit_factor":0.0},{"date":"04/09/2025","date_ts":1756944000000,"profit_abs":0.0,"wins":0,"draws":0,"losses":0,"trades":0,"profit_factor":0.0},{"date":"05/09/2025","date_ts":1757030400000,"profit_abs":0.0,"wins":0,"draws":0,"losses":0,"trades":0,"profit_factor":0.0},{"date":"06/09/2025","date_ts":1757116800000,"profit_abs":0.0,"wins":0,"draws":0,"losses":0,"trades":0,"profit_factor":0.0},{"date":"07/09/2025","date_ts":1757203200000,"profit_abs":0.0,"wins":0,"draws":0,"losses":0,"trades":0,"profit_factor":0.0},{"date":"08/09/2025","date_ts":1757289600000,"profit_abs":0.0,"wins":0,"draws":0,"losses":0,"trades":0,"profit_factor":0.0},{"date":"09/09/2025","date_ts":1757376000000,"profit_abs":0.0,"wins":0,"draws":0,"losses":0,"trades":0,"profit_factor":0.0},{"date":"10/09/2025","date_ts":1757462400000,"profit_abs":0.0,"wins":0,"draws":0,"losses":0,"trades":0,"profit_factor":0.0},{"date":"11/09/2025","date_ts":1757548800000,"profit_abs":0.0,"wins":0,"draws":0,"losses":0,"trades":0,"profit_factor":0.0},{"date":"12/09/2025","date_ts":1757635200000,"profit_abs":0.0,"wins":0,"draws":0,"losses":0,"trades":0,"profit_factor":0.0},{"date":"13/09/2025","date_ts":1757721600000,"profit_abs":0.0,"wins":0,"draws":0,"losses":0,"trades":0,"profit_factor":0.0},{"date":"14/09/2025","date_ts":1757808000000,"profit_abs":0.0,"wins":0,"draws":0,"losses":0,"trades":0,"profit_factor":0.0},{"date":"15/09/2025","date_ts":1757894400000,"profit_abs":-121.01770547,"wins":0,"draws":0,"losses":1,"trades":1,"profit_factor":0.0},{"date":"16/09/2025","date_ts":1757980800000,"profit_abs":0.0,"wins":0,"draws":0,"losses":0,"trades":0,"profit_factor":0.0},{"date":"17/09/2025","date_ts":1758067200000,"profit_abs":0.0,"wins":0,"draws":0,"losses":0,"trades":0,"profit_factor":0.0},{"date":"18/09/2025","date_ts":1758153600000,"profit_abs":0.0,"wins":0,"draws":0,"losses":0,"trades":0,"profit_factor":0.0},{"date":"19/09/2025","date_ts":1758240000000,"profit_abs":0.0,"wins":0,"draws":0,"losses":0,"trades":0,"profit_factor":0.0},{"date":"20/09/2025","date_ts":1758326400000,"profit_abs":0.0,"wins":0,"draws":0,"losses":0,"trades":0,"profit_factor":0.0},{"date":"21/09/2025","date_ts":1758412800000,"profit_abs":0.0,"wins":0,"draws":0,"losses":0,"trades":0,"profit_factor":0.0},{"date":"22/09/2025","date_ts":1758499200000,"profit_abs":0.0,"wins":0,"draws":0,"losses":0,"trades":0,"profit_factor":0.0},{"date":"23/09/2025","date_ts":1758585600000,"profit_abs":0.0,"wins":0,"draws":0,"losses":0,"trades":0,"profit_factor":0.0},{"date":"24/09/2025","date_ts":1758672000000,"profit_abs":0.0,"wins":0,"draws":0,"losses":0,"trades":0,"profit_factor":0.0},{"date":"25/09/2025","date_ts":1758758400000,"profit_abs":0.0,"wins":0,"draws":0,"losses":0,"trades":0,"profit_factor":0.0},{"date":"26/09/2025","date_ts":1758844800000,"profit_abs":0.0,"wins":0,"draws":0,"losses":0,"trades":0,"profit_factor":0.0},{"date":"27/09/2025","date_ts":1758931200000,"profit_abs":0.0,"wins":0,"draws":0,"losses":0,"trades":0,"profit_factor":0.0},{"date":"28/09/2025","date_ts":1759017600000,"profit_abs":0.0,"wins":0,"draws":0,"losses":0,"trades":0,"profit_factor":0.0},{"date":"29/09/2025","date_ts":1759104000000,"profit_abs":0.0,"wins":0,"draws":0,"losses":0,"trades":0,"profit_factor":0.0},{"date":"30/09/2025","date_ts":1759190400000,"profit_abs":0.0,"wins":0,"draws":0,"losses":0,"trades":0,"profit_factor":0.0},{"date":"01/10/2025","date_ts":1759276800000,"profit_abs":0.0,"wins":0,"draws":0,"losses":0,"trades":0,"profit_factor":0.0},{"date":"02/10/2025","date_ts":1759363200000,"profit_abs":0.0,"wins":0,"draws":0,"losses":0,"trades":0,"profit_factor":0.0},{"date":"03/10/2025","date_ts":1759449600000,"profit_abs":0.0,"wins":0,"draws":0,"losses":0,"trades":0,"profit_factor":0.0},{"date":"04/10/2025","date_ts":1759536000000,"profit_abs":0.0,"wins":0,"draws":0,"losses":0,"trades":0,"profit_factor":0.0},{"date":"05/10/2025","date_ts":1759622400000,"profit_abs":0.0,"wins":0,"draws":0,"losses":0,"trades":0,"profit_factor":0.0},{"date":"06/10/2025","date_ts":1759708800000,"profit_abs":0.0,"wins":0,"draws":0,"losses":0,"trades":0,"profit_factor":0.0},{"date":"07/10/2025","date_ts":1759795200000,"profit_abs":548.73159157,"wins":1,"draws":0,"losses":0,"trades":1,"profit_factor":0.0}],"week":[{"date":"13/01/2025","date_ts":1736726400000,"profit_abs":-54.69126409,"wins":0,"draws":0,"losses":1,"trades":1,"profit_factor":0.0},{"date":"20/01/2025","date_ts":1737331200000,"profit_abs":-939.94002637,"wins":0,"draws":0,"losses":2,"trades":2,"profit_factor":0.0},{"date":"27/01/2025","date_ts":1737936000000,"profit_abs":0.0,"wins":0,"draws":0,"losses":0,"trades":0,"profit_factor":0.0},{"date":"03/02/2025","date_ts":1738540800000,"profit_abs":-315.3966545,"wins":0,"draws":0,"losses":1,"trades":1,"profit_factor":0.0},{"date":"10/02/2025","date_ts":1739145600000,"profit_abs":0.0,"wins":0,"draws":0,"losses":0,"trades":0,"profit_factor":0.0},{"date":"17/02/2025","date_ts":1739750400000,"profit_abs":-38.39526404,"wins":0,"draws":0,"losses":1,"trades":1,"profit_factor":0.0},{"date":"24/02/2025","date_ts":1740355200000,"profit_abs":0.0,"wins":0,"draws":0,"losses":0,"trades":0,"profit_factor":0.0},{"date":"03/03/2025","date_ts":1740960000000,"profit_abs":0.0,"wins":0,"draws":0,"losses":0,"trades":0,"profit_factor":0.0},{"date":"10/03/2025","date_ts":1741564800000,"profit_abs":0.0,"wins":0,"draws":0,"losses":0,"trades":0,"profit_factor":0.0},{"date":"17/03/2025","date_ts":1742169600000,"profit_abs":-143.67955693,"wins":0,"draws":0,"losses":1,"trades":1,"profit_factor":0.0},{"date":"24/03/2025","date_ts":1742774400000,"profit_abs":-226.73179518,"wins":0,"draws":0,"losses":1,"trades":1,"profit_factor":0.0},{"date":"31/03/2025","date_ts":1743379200000,"profit_abs":-196.8341769,"wins":0,"draws":0,"losses":1,"trades":1,"profit_factor":0.0},{"date":"07/04/2025","date_ts":1743984000000,"profit_abs":0.0,"wins":0,"draws":0,"losses":0,"trades":0,"profit_factor":0.0},{"date":"14/04/2025","date_ts":1744588800000,"profit_abs":0.0,"wins":0,"draws":0,"losses":0,"trades":0,"profit_factor":0.0},{"date":"21/04/2025","date_ts":1745193600000,"profit_abs":198.70121676,"wins":1,"draws":0,"losses":1,"trades":2,"profit_factor":6.18785594},{"date":"28/04/2025","date_ts":1745798400000,"profit_abs":0.0,"wins":0,"draws":0,"losses":0,"trades":0,"profit_factor":0.0},{"date":"05/05/2025","date_ts":1746403200000,"profit_abs":-19.46641765,"wins":1,"draws":0,"losses":1,"trades":2,"profit_factor":0.74594092},{"date":"12/05/2025","date_ts":1747008000000,"profit_abs":306.33171793,"wins":1,"draws":0,"losses":0,"trades":1,"profit_factor":0.0},{"date":"19/05/2025","date_ts":1747612800000,"profit_abs":-113.33065831,"wins":0,"draws":0,"losses":2,"trades":2,"profit_factor":0.0},{"date":"26/05/2025","date_ts":1748217600000,"profit_abs":43.49627724,"wins":1,"draws":0,"losses":0,"trades":1,"profit_factor":0.0},{"date":"02/06/2025","date_ts":1748822400000,"profit_abs":-83.75054599,"wins":0,"draws":0,"losses":1,"trades":1,"profit_factor":0.0},{"date":"09/06/2025","date_ts":1749427200000,"profit_abs":0.0,"wins":0,"draws":0,"losses":0,"trades":0,"profit_factor":0.0},{"date":"16/06/2025","date_ts":1750032000000,"profit_abs":189.23995848,"wins":1,"draws":0,"losses":0,"trades":1,"profit_factor":0.0},{"date":"23/06/2025","date_ts":1750636800000,"profit_abs":0.0,"wins":0,"draws":0,"losses":0,"trades":0,"profit_factor":0.0},{"date":"30/06/2025","date_ts":1751241600000,"profit_abs":0.0,"wins":0,"draws":0,"losses":0,"trades":0,"profit_factor":0.0},{"date":"07/07/2025","date_ts":1751846400000,"profit_abs":114.35577523,"wins":1,"draws":0,"losses":0,"trades":1,"profit_factor":0.0},{"date":"14/07/2025","date_ts":1752451200000,"profit_abs":0.0,"wins":0,"draws":0,"losses":0,"trades":0,"profit_factor":0.0},{"date":"21/07/2025","date_ts":1753056000000,"profit_abs":504.12540217,"wins":1,"draws":0,"losses":1,"trades":2,"profit_factor":6.66077831},{"date":"28/07/2025","date_ts":1753660800000,"profit_abs":0.0,"wins":0,"draws":0,"losses":0,"trades":0,"profit_factor":0.0},{"date":"04/08/2025","date_ts":1754265600000,"profit_abs":-45.43182671,"wins":0,"draws":0,"losses":1,"trades":1,"profit_factor":0.0},{"date":"11/08/2025","date_ts":1754870400000,"profit_abs":0.0,"wins":0,"draws":0,"losses":0,"trades":0,"profit_factor":0.0},{"date":"18/08/2025","date_ts":1755475200000,"profit_abs":147.21812235,"wins":1,"draws":0,"losses":0,"trades":1,"profit_factor":0.0},{"date":"25/08/2025","date_ts":1756080000000,"profit_abs":0.0,"wins":0,"draws":0,"losses":0,"trades":0,"profit_factor":0.0},{"date":"01/09/2025","date_ts":1756684800000,"profit_abs":0.0,"wins":0,"draws":0,"losses":0,"trades":0,"profit_factor":0.0},{"date":"08/09/2025","date_ts":1757289600000,"profit_abs":0.0,"wins":0,"draws":0,"losses":0,"trades":0,"profit_factor":0.0},{"date":"15/09/2025","date_ts":1757894400000,"profit_abs":-121.01770547,"wins":0,"draws":0,"losses":1,"trades":1,"profit_factor":0.0},{"date":"22/09/2025","date_ts":1758499200000,"profit_abs":0.0,"wins":0,"draws":0,"losses":0,"trades":0,"profit_factor":0.0},{"date":"29/09/2025","date_ts":1759104000000,"profit_abs":0.0,"wins":0,"draws":0,"losses":0,"trades":0,"profit_factor":0.0},{"date":"06/10/2025","date_ts":1759708800000,"profit_abs":0.0,"wins":0,"draws":0,"losses":0,"trades":0,"profit_factor":0.0},{"date":"13/10/2025","date_ts":1760313600000,"profit_abs":548.73159157,"wins":1,"draws":0,"losses":0,"trades":1,"profit_factor":0.0}],"month":[{"date":"31/01/2025","date_ts":1738281600000,"profit_abs":-1310.02794496,"wins":0,"draws":0,"losses":4,"trades":4,"profit_factor":0.0},{"date":"28/02/2025","date_ts":1740700800000,"profit_abs":-38.39526404,"wins":0,"draws":0,"losses":1,"trades":1,"profit_factor":0.0},{"date":"31/03/2025","date_ts":1743379200000,"profit_abs":-567.24552901,"wins":0,"draws":0,"losses":3,"trades":3,"profit_factor":0.0},{"date":"30/04/2025","date_ts":1745971200000,"profit_abs":122.07959819,"wins":1,"draws":0,"losses":2,"trades":3,"profit_factor":2.06227447},{"date":"31/05/2025","date_ts":1748649600000,"profit_abs":209.90199179,"wins":3,"draws":0,"losses":3,"trades":6,"profit_factor":2.06505332},{"date":"30/06/2025","date_ts":1751241600000,"profit_abs":189.23995848,"wins":1,"draws":0,"losses":0,"trades":1,"profit_factor":0.0},{"date":"31/07/2025","date_ts":1753920000000,"profit_abs":573.04935069,"wins":2,"draws":0,"losses":2,"trades":4,"profit_factor":5.26098049},{"date":"31/08/2025","date_ts":1756598400000,"profit_abs":147.21812235,"wins":1,"draws":0,"losses":0,"trades":1,"profit_factor":0.0},{"date":"30/09/2025","date_ts":1759190400000,"profit_abs":-121.01770547,"wins":0,"draws":0,"losses":1,"trades":1,"profit_factor":0.0},{"date":"31/10/2025","date_ts":1761868800000,"profit_abs":548.73159157,"wins":1,"draws":0,"losses":0,"trades":1,"profit_factor":0.0}],"year":[{"date":"31/12/2025","date_ts":1767139200000,"profit_abs":-246.46583041,"wins":9,"draws":0,"losses":16,"trades":25,"profit_factor":0.90074581}]},"backtest_best_day":0.06865289171235578,"backtest_worst_day":-0.09774053528615415,"backtest_best_day_abs":593.18124836,"backtest_worst_day_abs":-939.94002637,"winning_days":9,"draw_days":250,"losing_days":15,"daily_profit":[["2025-01-07",-54.69126409],["2025-01-08",0.0],["2025-01-09",0.0],["2025-01-10",0.0],["2025-01-11",0.0],["2025-01-12",0.0],["2025-01-13",0.0],["2025-01-14",0.0],["2025-01-15",0.0],["2025-01-16",0.0],["2025-01-17",0.0],["2025-01-18",0.0],["2025-01-19",0.0],["2025-01-20",-939.94002637],["2025-01-21",0.0],["2025-01-22",0.0],["2025-01-23",0.0],["2025-01-24",0.0],["2025-01-25",0.0],["2025-01-26",0.0],["2025-01-27",0.0],["2025-01-28",-315.3966545],["2025-01-29",0.0],["2025-01-30",0.0],["2025-01-31",0.0],["2025-02-01",0.0],["2025-02-02",0.0],["2025-02-03",0.0],["2025-02-04",0.0],["2025-02-05",0.0],["2025-02-06",0.0],["2025-02-07",0.0],["2025-02-08",0.0],["2025-02-09",0.0],["2025-02-10",0.0],["2025-02-11",0.0],["2025-02-12",0.0],["2025-02-13",0.0],["2025-02-14",0.0],["2025-02-15",0.0],["2025-02-16",-38.39526404],["2025-02-17",0.0],["2025-02-18",0.0],["2025-02-19",0.0],["2025-02-20",0.0],["2025-02-21",0.0],["2025-02-22",0.0],["2025-02-23",0.0],["2025-02-24",0.0],["2025-02-25",0.0],["2025-02-26",0.0],["2025-02-27",0.0],["2025-02-28",0.0],["2025-03-01",0.0],["2025-03-02",0.0],["2025-03-03",0.0],["2025-03-04",0.0],["2025-03-05",0.0],["2025-03-06",0.0],["2025-03-07",0.0],["2025-03-08",0.0],["2025-03-09",0.0],["2025-03-10",0.0],["2025-03-11",0.0],["2025-03-12",0.0],["2025-03-13",0.0],["2025-03-14",0.0],["2025-03-15",0.0],["2025-03-16",-143.67955693],["2025-03-17",0.0],["2025-03-18",0.0],["2025-03-19",0.0],["2025-03-20",0.0],["2025-03-21",-226.73179518],["2025-03-22",0.0],["2025-03-23",0.0],["2025-03-24",0.0],["2025-03-25",0.0],["2025-03-26",-196.8341769],["2025-03-27",0.0],["2025-03-28",0.0],["2025-03-29",0.0],["2025-03-30",0.0],["2025-03-31",0.0],["2025-04-01",0.0],["2025-04-02",0.0],["2025-04-03",0.0],["2025-04-04",0.0],["2025-04-05",0.0],["2025-04-06",0.0],["2025-04-07",0.0],["2025-04-08",0.0],["2025-04-09",0.0],["2025-04-10",0.0],["2025-04-11",0.0],["2025-04-12",0.0],["2025-04-13",0.0],["2025-04-14",0.0],["2025-04-15",237.00243775],["2025-04-16",0.0],["2025-04-17",0.0],["2025-04-18",0.0],["2025-04-19",0.0],["2025-04-20",-38.30122099],["2025-04-21",0.0],["2025-04-22",0.0],["2025-04-23",0.0],["2025-04-24",0.0],["2025-04-25",0.0],["2025-04-26",0.0],["2025-04-27",0.0],["2025-04-28",0.0],["2025-04-29",0.0],["2025-04-30",-76.62161857],["2025-05-01",0.0],["2025-05-02",0.0],["2025-05-03",0.0],["2025-05-04",57.15520092],["2025-05-05",0.0],["2025-05-06",0.0],["2025-05-07",0.0],["2025-05-08",0.0],["2025-05-09",0.0],["2025-05-10",0.0],["2025-05-11",0.0],["2025-05-12",306.33171793],["2025-05-13",0.0],["2025-05-14",0.0],["2025-05-15",0.0],["2025-05-16",0.0],["2025-05-17",-43.88876092],["2025-05-18",0.0],["2025-05-19",-69.44189739],["2025-05-20",0.0],["2025-05-21",0.0],["2025-05-22",0.0],["2025-05-23",43.49627724],["2025-05-24",0.0],["2025-05-25",0.0],["2025-05-26",0.0],["2025-05-27",0.0],["2025-05-28",-83.75054599],["2025-05-29",0.0],["2025-05-30",0.0],["2025-05-31",0.0],["2025-06-01",0.0],["2025-06-02",0.0],["2025-06-03",0.0],["2025-06-04",0.0],["2025-06-05",0.0],["2025-06-06",0.0],["2025-06-07",0.0],["2025-06-08",0.0],["2025-06-09",0.0],["2025-06-10",0.0],["2025-06-11",0.0],["2025-06-12",189.23995848],["2025-06-13",0.0],["2025-06-14",0.0],["2025-06-15",0.0],["2025-06-16",0.0],["2025-06-17",0.0],["2025-06-18",0.0],["2025-06-19",0.0],["2025-06-20",0.0],["2025-06-21",0.0],["2025-06-22",0.0],["2025-06-23",0.0],["2025-06-24",0.0],["2025-06-25",0.0],["2025-06-26",0.0],["2025-06-27",0.0],["2025-06-28",0.0],["2025-06-29",0.0],["2025-06-30",0.0],["2025-07-01",114.35577523],["2025-07-02",0.0],["2025-07-03",0.0],["2025-07-04",0.0],["2025-07-05",0.0],["2025-07-06",0.0],["2025-07-07",0.0],["2025-07-08",0.0],["2025-07-09",0.0],["2025-07-10",0.0],["2025-07-11",0.0],["2025-07-12",0.0],["2025-07-13",0.0],["2025-07-14",0.0],["2025-07-15",593.18124836],["2025-07-16",0.0],["2025-07-17",0.0],["2025-07-18",-89.05584619],["2025-07-19",0.0],["2025-07-20",0.0],["2025-07-21",0.0],["2025-07-22",0.0],["2025-07-23",0.0],["2025-07-24",0.0],["2025-07-25",0.0],["2025-07-26",0.0],["2025-07-27",0.0],["2025-07-28",0.0],["2025-07-29",0.0],["2025-07-30",-45.43182671],["2025-07-31",0.0],["2025-08-01",0.0],["2025-08-02",0.0],["2025-08-03",0.0],["2025-08-04",0.0],["2025-08-05",0.0],["2025-08-06",0.0],["2025-08-07",0.0],["2025-08-08",0.0],["2025-08-09",0.0],["2025-08-10",0.0],["2025-08-11",0.0],["2025-08-12",0.0],["2025-08-13",0.0],["2025-08-14",147.21812235],["2025-08-15",0.0],["2025-08-16",0.0],["2025-08-17",0.0],["2025-08-18",0.0],["2025-08-19",0.0],["2025-08-20",0.0],["2025-08-21",0.0],["2025-08-22",0.0],["2025-08-23",0.0],["2025-08-24",0.0],["2025-08-25",0.0],["2025-08-26",0.0],["2025-08-27",0.0],["2025-08-28",0.0],["2025-08-29",0.0],["2025-08-30",0.0],["2025-08-31",0.0],["2025-09-01",0.0],["2025-09-02",0.0],["2025-09-03",0.0],["2025-09-04",0.0],["2025-09-05",0.0],["2025-09-06",0.0],["2025-09-07",0.0],["2025-09-08",0.0],["2025-09-09",0.0],["2025-09-10",0.0],["2025-09-11",0.0],["2025-09-12",0.0],["2025-09-13",0.0],["2025-09-14",0.0],["2025-09-15",-121.01770547],["2025-09-16",0.0],["2025-09-17",0.0],["2025-09-18",0.0],["2025-09-19",0.0],["2025-09-20",0.0],["2025-09-21",0.0],["2025-09-22",0.0],["2025-09-23",0.0],["2025-09-24",0.0],["2025-09-25",0.0],["2025-09-26",0.0],["2025-09-27",0.0],["2025-09-28",0.0],["2025-09-29",0.0],["2025-09-30",0.0],["2025-10-01",0.0],["2025-10-02",0.0],["2025-10-03",0.0],["2025-10-04",0.0],["2025-10-05",0.0],["2025-10-06",0.0],["2025-10-07",548.73159157]],"wins":9,"losses":16,"draws":0,"winrate":0.36,"holding_avg":"2 days, 15:50:00","holding_avg_s":229800.0,"winner_holding_min":"3d 02:00","winner_holding_min_s":266400.0,"winner_holding_max":"6d 15:00","winner_holding_max_s":572400.0,"winner_holding_avg":"4d 22:27","winner_holding_avg_s":426420.0,"loser_holding_min":"0d 02:00","loser_holding_min_s":7200.0,"loser_holding_max":"5d 05:00","loser_holding_max_s":450000.0,"loser_holding_avg":"1d 09:08","loser_holding_avg_s":119280.0,"max_consecutive_wins":3,"max_consecutive_losses":8,"max_drawdown_account":0.19156687380100001,"max_relative_drawdown":0.19156687380100001,"max_drawdown_abs":1915.6687380100002,"drawdown_start":"2025-01-07 17:00:00","drawdown_start_ts":1736269200000.0,"drawdown_end":"2025-03-26 19:00:00","drawdown_end_ts":1743015600000.0,"drawdown_duration":"78 days 02:00:00","drawdown_duration_s":6746400.0,"max_drawdown_low":-1915.6687380100002,"max_drawdown_high":-54.69126409,"csum_min":8084.33126199,"csum_max":9945.30873591}},"strategy_comparison":[{"key":"TrendlineBreakoutStrategy","trades":25,"profit_mean":-0.0006166455195410339,"profit_mean_pct":-0.06,"profit_total_abs":-246.46583040999997,"profit_total":-0.024646583040999998,"profit_total_pct":-2.46,"duration_avg":"2 days, 15:50:00","wins":9,"draws":0,"losses":16,"winrate":0.36,"cagr":-0.03178433515483792,"expectancy":-9.85863321639998,"expectancy_ratio":-0.06352267992206972,"sortino":-0.11839767818497765,"sharpe":-0.06642186175075182,"calmar":-0.8716329309746201,"sqn":-0.1921,"profit_factor":0.900745812621766,"max_drawdown_account":0.19156687380100001,"max_drawdown_abs":"1915.669"}]}