{"strategy":{"TrendlineBreakoutStrategy":{"trades":[{"pair":"BTC/USDT","stake_amount":9899.579349,"max_stake_amount":9899.579349,"amount":0.10098,"open_date":"2025-01-04 15:00:00+00:00","close_date":"2025-01-11 09:00:00+00:00","open_rate":98035.05,"close_rate":94074.8,"fee_open":0.001,"fee_close":0.001,"trade_duration":9720,"profit_ratio":-0.04231355661400651,"profit_abs":-419.30529765,"exit_reason":"exit_signal","initial_stop_loss_abs":980.3505000000009,"initial_stop_loss_ratio":-0.99,"stop_loss_abs":980.3505000000009,"stop_loss_ratio":-0.99,"min_rate":91203.67,"max_rate":102724.38,"is_open":false,"enter_tag":"","leverage":1.0,"is_short":false,"open_timestamp":1736002800000,"close_timestamp":1736586000000,"orders":[{"amount":0.10098,"safe_price":98035.05,"ft_order_side":"buy","order_filled_timestamp":1736002800000,"ft_is_entry":true,"ft_order_tag":"","cost":9909.478928348999},{"amount":0.10098,"safe_price":94074.8,"ft_order_side":"sell","order_filled_timestamp":1736586000000,"ft_is_entry":false,"ft_order_tag":"exit_signal","cost":9509.172977303999}],"funding_fees":0.0},{"pair":"BTC/USDT","stake_amount":9484.1148271,"max_stake_amount":9484.1148271,"amount":0.09043,"open_date":"2025-01-19 03:00:00+00:00","close_date":"2025-01-28 19:00:00+00:00","open_rate":104877.97,"close_rate":102205.78,"fee_open":0.001,"fee_close":0.001,"trade_duration":13920,"profit_ratio":-0.027426134893912747,"profit_abs":-260.37272521,"exit_reason":"exit_signal","initial_stop_loss_abs":1048.779700000001,"initial_stop_loss_ratio":-0.99,"stop_loss_abs":1048.779700000001,"stop_loss_ratio":-0.99,"min_rate":97777.77,"max_rate":109588.0,"is_open":false,"enter_tag":"","leverage":1.0,"is_short":false,"open_timestamp":1737255600000,"close_timestamp":1738090800000,"orders":[{"amount":0.09043,"safe_price":104877.97,"ft_order_side":"buy","order_filled_timestamp":1737255600000,"ft_is_entry":true,"ft_order_tag":"","cost":9493.598941927099},{"amount":0.09043,"safe_price":102205.78,"ft_order_side":"sell","order_filled_timestamp":1738090800000,"ft_is_entry":false,"ft_order_tag":"exit_signal","cost":9251.711154085398}],"funding_fees":0.0},{"pair":"BTC/USDT","stake_amount":9227.0448994,"max_stake_amount":9227.0448994,"amount":0.08971,"open_date":"2025-01-29 19:00:00+00:00","close_date":"2025-01-31 19:00:00+00:00","open_rate":102854.14,"close_rate":102627.29,"fee_open":0.001,"fee_close":0.001,"trade_duration":2880,"profit_ratio":-0.0041991458051359835,"profit_abs":-38.78445259,"exit_reason":"exit_signal","initial_stop_loss_abs":1028.541400000001,"initial_stop_loss_ratio":-0.99,"stop_loss_abs":1028.541400000001,"stop_loss_ratio":-0.99,"min_rate":101400.01,"max_rate":106457.44,"is_open":false,"enter_tag":"","leverage":1.0,"is_short":false,"open_timestamp":1738177200000,"close_timestamp":1738350000000,"orders":[{"amount":0.08971,"safe_price":102854.14,"ft_order_side":"buy","order_filled_timestamp":1738177200000,"ft_is_entry":true,"ft_order_tag":"","cost":9236.271944299398},{"amount":0.08971,"safe_price":102627.29,"ft_order_side":"sell","order_filled_timestamp":1738350000000,"ft_is_entry":false,"ft_order_tag":"exit_signal","cost":9215.9008800859}],"funding_fees":0.0},{"pair":"BTC/USDT","stake_amount":9188.4419008,"max_stake_amount":9188.4419008,"amount":0.09418,"open_date":"2025-02-15 10:00:00+00:00","close_date":"2025-02-16 11:00:00+00:00","open_rate":97562.56,"close_rate":97180.98,"fee_open":0.001,"fee_close":0.001,"trade_duration":1500,"profit_ratio":-0.0059013190330132045,"profit_abs":-54.278151,"exit_reason":"exit_signal","initial_stop_loss_abs":975.6256000000009,"initial_stop_loss_ratio":-0.99,"stop_loss_abs":975.6256000000009,"stop_loss_ratio":-0.99,"min_rate":97061.58,"max_rate":97962.51,"is_open":false,"enter_tag":"","leverage":1.0,"is_short":false,"open_timestamp":1739613600000,"close_timestamp":1739703600000,"orders":[{"amount":0.09418,"safe_price":97562.56,"ft_order_side":"buy","order_filled_timestamp":1739613600000,"ft_is_entry":true,"ft_order_tag":"","cost":9197.630342700799},{"amount":0.09418,"safe_price":97180.98,"ft_order_side":"sell","order_filled_timestamp":1739703600000,"ft_is_entry":false,"ft_order_tag":"exit_signal","cost":9161.6572010964}],"funding_fees":0.0},{"pair":"BTC/USDT","stake_amount":9134.2989144,"max_stake_amount":9134.2989144,"amount":0.10824,"open_date":"2025-03-15 21:00:00+00:00","close_date":"2025-03-17 13:00:00+00:00","open_rate":84389.31,"close_rate":83052.01,"fee_open":0.001,"fee_close":0.001,"trade_duration":2400,"profit_ratio":-0.017813133937789234,"profit_abs":-162.87320048,"exit_reason":"exit_signal","initial_stop_loss_abs":843.8931000000007,"initial_stop_loss_ratio":-0.99,"stop_loss_abs":843.8931000000007,"stop_loss_ratio":-0.99,"min_rate":81981.12,"max_rate":85117.04,"is_open":false,"enter_tag":"","leverage":1.0,"is_short":false,"open_timestamp":1742072400000,"close_timestamp":1742216400000,"orders":[{"amount":0.10824,"safe_price":84389.31,"ft_order_side":"buy","order_filled_timestamp":1742072400000,"ft_is_entry":true,"ft_order_tag":"","cost":9143.4332133144},{"amount":0.10824,"safe_price":83052.01,"ft_order_side":"sell","order_filled_timestamp":1742216400000,"ft_is_entry":false,"ft_order_tag":"exit_signal","cost":8998.539111962398}],"funding_fees":0.0},{"pair":"BTC/USDT","stake_amount":8973.0757818,"max_stake_amount":8973.0757818,"amount":0.10413,"open_date":"2025-03-20 15:00:00+00:00","close_date":"2025-04-05 04:00:00+00:00","open_rate":86171.86,"close_rate":83624.01,"fee_open":0.001,"fee_close":0.001,"trade_duration":22380,"profit_ratio":-0.031506003688805115,"profit_abs":-282.98846444,"exit_reason":"exit_signal","initial_stop_loss_abs":861.7186000000007,"initial_stop_loss_ratio":-0.99,"stop_loss_abs":861.7186000000007,"stop_loss_ratio":-0.99,"min_rate":81211.24,"max_rate":88765.43,"is_open":false,"enter_tag":"","leverage":1.0,"is_short":false,"open_timestamp":1742482800000,"close_timestamp":1743825600000,"orders":[{"amount":0.10413,"safe_price":86171.86,"ft_order_side":"buy","order_filled_timestamp":1742482800000,"ft_is_entry":true,"ft_order_tag":"","cost":8982.0488575818},{"amount":0.10413,"safe_price":83624.01,"ft_order_side":"sell","order_filled_timestamp":1743825600000,"ft_is_entry":false,"ft_order_tag":"exit_signal","cost":8716.475929461298}],"funding_fees":0.0},{"pair":"BTC/USDT","stake_amount":8693.1053172,"max_stake_amount":8693.1053172,"amount":0.10697,"open_date":"2025-04-11 08:00:00+00:00","close_date":"2025-05-06 10:00:00+00:00","open_rate":81266.76,"close_rate":94211.96,"fee_open":0.001,"fee_close":0.001,"trade_duration":36120,"profit_ratio":0.1569764109664194,"profit_abs":1365.97708532,"exit_reason":"exit_signal","initial_stop_loss_abs":812.6676000000007,"initial_stop_loss_ratio":-0.99,"stop_loss_abs":812.6676000000007,"stop_loss_ratio":-0.99,"min_rate":80782.43,"max_rate":97895.68,"is_open":false,"enter_tag":"","leverage":1.0,"is_short":false,"open_timestamp":1744358400000,"close_timestamp":1746525600000,"orders":[{"amount":0.10697,"safe_price":81266.76,"ft_order_side":"buy","order_filled_timestamp":1744358400000,"ft_is_entry":true,"ft_order_tag":"","cost":8701.798422517199},{"amount":0.10697,"safe_price":94211.96,"ft_order_side":"sell","order_filled_timestamp":1746525600000,"ft_is_entry":false,"ft_order_tag":"exit_signal","cost":10087.9312145612}],"funding_fees":0.0},{"pair":"BTC/USDT","stake_amount":10045.8675,"max_stake_amount":10045.8675,"amount":0.10275,"open_date":"2025-05-08 01:00:00+00:00","close_date":"2025-05-19 05:00:00+00:00","open_rate":97770.0,"close_rate":103002.07,"fee_open":0.001,"fee_close":0.001,"trade_duration":16080,"profit_ratio":0.0514091404149122,"profit_abs":516.96586231,"exit_reason":"exit_signal","initial_stop_loss_abs":977.7000000000008,"initial_stop_loss_ratio":-0.99,"stop_loss_abs":977.7000000000008,"stop_loss_ratio":-0.99,"min_rate":97600.0,"max_rate":107108.62,"is_open":false,"enter_tag":"","leverage":1.0,"is_short":false,"open_timestamp":1746666000000,"close_timestamp":1747630800000,"orders":[{"amount":0.10275,"safe_price":97770.0,"ft_order_side":"buy","order_filled_timestamp":1746666000000,"ft_is_entry":true,"ft_order_tag":"","cost":10055.9133675},{"amount":0.10275,"safe_price":103002.07,"ft_order_side":"sell","order_filled_timestamp":1747630800000,"ft_is_entry":false,"ft_order_tag":"exit_signal","cost":10594.046155192498}],"funding_fees":0.0},{"pair":"BTC/USDT","stake_amount":10556.9526783,"max_stake_amount":10556.9526783,"amount":0.10227,"open_date":"2025-05-19 08:00:00+00:00","close_date":"2025-05-25 09:00:00+00:00","open_rate":103226.29,"close_rate":107109.4,"fee_open":0.001,"fee_close":0.001,"trade_duration":8700,"profit_ratio":0.035544290168319156,"profit_abs":375.61462868,"exit_reason":"exit_signal","initial_stop_loss_abs":1032.2629000000009,"initial_stop_loss_ratio":-0.99,"stop_loss_abs":1032.2629000000009,"stop_loss_ratio":-0.99,"min_rate":102126.16,"max_rate":111980.0,"is_open":false,"enter_tag":"","leverage":1.0,"is_short":false,"open_timestamp":1747641600000,"close_timestamp":1748163600000,"orders":[{"amount":0.10227,"safe_price":103226.29,"ft_order_side":"buy","order_filled_timestamp":1747641600000,"ft_is_entry":true,"ft_order_tag":"","cost":10567.509630978298},{"amount":0.10227,"safe_price":107109.4,"ft_order_side":"sell","order_filled_timestamp":1748163600000,"ft_is_entry":false,"ft_order_tag":"exit_signal","cost":10965.032416337997}],"funding_fees":0.0},{"pair":"BTC/USDT","stake_amount":10929.307345,"max_stake_amount":10929.307345,"amount":0.10175,"open_date":"2025-05-25 19:00:00+00:00","close_date":"2025-05-29 16:00:00+00:00","open_rate":107413.34,"close_rate":107019.9,"fee_open":0.001,"fee_close":0.001,"trade_duration":5580,"profit_ratio":-0.005653543349699153,"profit_abs":-61.85110217,"exit_reason":"exit_signal","initial_stop_loss_abs":1074.1334000000008,"initial_stop_loss_ratio":-0.99,"stop_loss_abs":1074.1334000000008,"stop_loss_ratio":-0.99,"min_rate":106474.0,"max_rate":110718.0,"is_open":false,"enter_tag":"","leverage":1.0,"is_short":false,"open_timestamp":1748199600000,"close_timestamp":1748534400000,"orders":[{"amount":0.10175,"safe_price":107413.34,"ft_order_side":"buy","order_filled_timestamp":1748199600000,"ft_is_entry":true,"ft_order_tag":"","cost":10940.236652344998},{"amount":0.10175,"safe_price":107019.9,"ft_order_side":"sell","order_filled_timestamp":1748534400000,"ft_is_entry":false,"ft_order_tag":"exit_signal","cost":10900.164099824997}],"funding_fees":0.0},{"pair":"BTC/USDT","stake_amount":10867.5951884,"max_stake_amount":10867.5951884,"amount":0.10319,"open_date":"2025-06-07 07:00:00+00:00","close_date":"2025-06-07 09:00:00+00:00","open_rate":105316.36,"close_rate":104746.44,"fee_open":0.001,"fee_close":0.001,"trade_duration":120,"profit_ratio":-0.0073986947173661725,"profit_abs":-80.48642513,"exit_reason":"exit_signal","initial_stop_loss_abs":1053.163600000001,"initial_stop_loss_ratio":-0.99,"stop_loss_abs":1053.163600000001,"stop_loss_ratio":-0.99,"min_rate":104689.81,"max_rate":105319.13,"is_open":false,"enter_tag":"","leverage":1.0,"is_short":false,"open_timestamp":1749279600000,"close_timestamp":1749286800000,"orders":[{"amount":0.10319,"safe_price":105316.36,"ft_order_side":"buy","order_filled_timestamp":1749279600000,"ft_is_entry":true,"ft_order_tag":"","cost":10878.462783588398},{"amount":0.10319,"safe_price":104746.44,"ft_order_side":"sell","order_filled_timestamp":1749286800000,"ft_is_entry":false,"ft_order_tag":"exit_signal","cost":10819.5939287436}],"funding_fees":0.0},{"pair":"BTC/USDT","stake_amount":10787.962158,"max_stake_amount":10787.962158,"amount":0.1026,"open_date":"2025-06-07 11:00:00+00:00","close_date":"2025-06-14 03:00:00+00:00","open_rate":105145.83,"close_rate":105374.18,"fee_open":0.001,"fee_close":0.001,"trade_duration":9600,"profit_ratio":0.00016940450974832206,"profit_abs":1.82935697,"exit_reason":"exit_signal","initial_stop_loss_abs":1051.458300000001,"initial_stop_loss_ratio":-0.99,"stop_loss_abs":1051.458300000001,"stop_loss_ratio":-0.99,"min_rate":102664.31,"max_rate":110530.17,"is_open":false,"enter_tag":"","leverage":1.0,"is_short":false,"open_timestamp":1749294000000,"close_timestamp":1749870000000,"orders":[{"amount":0.1026,"safe_price":105145.83,"ft_order_side":"buy","order_filled_timestamp":1749294000000,"ft_is_entry":true,"ft_order_tag":"","cost":10798.750120158},{"amount":0.1026,"safe_price":105374.18,"ft_order_side":"sell","order_filled_timestamp":1749870000000,"ft_is_entry":false,"ft_order_tag":"exit_signal","cost":10822.202258867997}],"funding_fees":0.0},{"pair":"BTC/USDT","stake_amount":10789.6231278,"max_stake_amount":10789.6231278,"amount":0.10197,"open_date":"2025-06-20 08:00:00+00:00","close_date":"2025-06-20 15:00:00+00:00","open_rate":105811.74,"close_rate":103940.01,"fee_open":0.001,"fee_close":0.001,"trade_duration":420,"profit_ratio":-0.019651905806263466,"profit_abs":-212.24869405,"exit_reason":"exit_signal","initial_stop_loss_abs":1058.117400000001,"initial_stop_loss_ratio":-0.99,"stop_loss_abs":1058.117400000001,"stop_loss_ratio":-0.99,"min_rate":103888.0,"max_rate":106524.65,"is_open":false,"enter_tag":"","leverage":1.0,"is_short":false,"open_timestamp":1750406400000,"close_timestamp":1750431600000,"orders":[{"amount":0.10197,"safe_price":105811.74,"ft_order_side":"buy","order_filled_timestamp":1750406400000,"ft_is_entry":true,"ft_order_tag":"","cost":10800.4127509278},{"amount":0.10197,"safe_price":103940.01,"ft_order_side":"sell","order_filled_timestamp":1750431600000,"ft_is_entry":false,"ft_order_tag":"exit_signal","cost":10609.361582519698}],"funding_fees":0.0},{"pair":"BTC/USDT","stake_amount":10580.0349,"max_stake_amount":10580.0349,"amount":0.0996,"open_date":"2025-06-24 17:00:00+00:00","close_date":"2025-07-01 09:00:00+00:00","open_rate":106225.25,"close_rate":106710.12,"fee_open":0.001,"fee_close":0.001,"trade_duration":9600,"profit_ratio":0.002557423654479771,"profit_abs":27.08468915,"exit_reason":"exit_signal","initial_stop_loss_abs":1062.252500000001,"initial_stop_loss_ratio":-0.99,"stop_loss_abs":1062.252500000001,"stop_loss_ratio":-0.99,"min_rate":105270.48,"max_rate":108789.99,"is_open":false,"enter_tag":"","leverage":1.0,"is_short":false,"open_timestamp":1750784400000,"close_timestamp":1751360400000,"orders":[{"amount":0.0996,"safe_price":106225.25,"ft_order_side":"buy","order_filled_timestamp":1750784400000,"ft_is_entry":true,"ft_order_tag":"","cost":10590.614934899997},{"amount":0.0996,"safe_price":106710.12,"ft_order_side":"sell","order_filled_timestamp":1751360400000,"ft_is_entry":false,"ft_order_tag":"exit_signal","cost":10638.956279951999}],"funding_fees":0.0},{"pair":"BTC/USDT","stake_amount":10606.2980318,"max_stake_amount":10606.2980318,"amount":0.09946,"open_date":"2025-07-02 06:00:00+00:00","close_date":"2025-07-20 23:00:00+00:00","open_rate":106638.83,"close_rate":117479.92,"fee_open":0.001,"fee_close":0.001,"trade_duration":26940,"profit_ratio":0.09946062691390281,"profit_abs":1055.96396053,"exit_reason":"exit_signal","initial_stop_loss_abs":1066.388300000001,"initial_stop_loss_ratio":-0.99,"stop_loss_abs":1066.388300000001,"stop_loss_ratio":-0.99,"min_rate":106633.83,"max_rate":123218.0,"is_open":false,"enter_tag":"","leverage":1.0,"is_short":false,"open_timestamp":1751436000000,"close_timestamp":1753052400000,"orders":[{"amount":0.09946,"safe_price":106638.83,"ft_order_side":"buy","order_filled_timestamp":1751436000000,"ft_is_entry":true,"ft_order_tag":"","cost":10616.9043298318},{"amount":0.09946,"safe_price":117479.92,"ft_order_side":"sell","order_filled_timestamp":1753052400000,"ft_is_entry":false,"ft_order_tag":"exit_signal","cost":11696.2373960432}],"funding_fees":0.0},{"pair":"BTC/USDT","stake_amount":11651.5585962,"max_stake_amount":11651.5585962,"amount":0.09887,"open_date":"2025-07-22 07:00:00+00:00","close_date":"2025-07-28 18:00:00+00:00","open_rate":117847.26,"close_rate":117667.86,"fee_open":0.001,"fee_close":0.001,"trade_duration":9300,"profit_ratio":-0.003517269891011136,"profit_abs":-41.02265791,"exit_reason":"exit_signal","initial_stop_loss_abs":1178.472600000001,"initial_stop_loss_ratio":-0.99,"stop_loss_abs":1178.472600000001,"stop_loss_ratio":-0.99,"min_rate":114723.16,"max_rate":120247.8,"is_open":false,"enter_tag":"","leverage":1.0,"is_short":false,"open_timestamp":1753167600000,"close_timestamp":1753725600000,"orders":[{"amount":0.09887,"safe_price":117847.26,"ft_order_side":"buy","order_filled_timestamp":1753167600000,"ft_is_entry":true,"ft_order_tag":"","cost":11663.210154796197},{"amount":0.09887,"safe_price":117667.86,"ft_order_side":"sell","order_filled_timestamp":1753725600000,"ft_is_entry":false,"ft_order_tag":"exit_signal","cost":11645.455139518199}],"funding_fees":0.0},{"pair":"BTC/USDT","stake_amount":11611.4505735,"max_stake_amount":11611.4505735,"amount":0.09781,"open_date":"2025-07-30 15:00:00+00:00","close_date":"2025-07-30 19:00:00+00:00","open_rate":118714.35,"close_rate":116523.15,"fee_open":0.001,"fee_close":0.001,"trade_duration":240,"profit_ratio":-0.020418875110400872,"profit_abs":-237.32985187,"exit_reason":"exit_signal","initial_stop_loss_abs":1187.143500000001,"initial_stop_loss_ratio":-0.99,"stop_loss_abs":1187.143500000001,"stop_loss_ratio":-0.99,"min_rate":115796.23,"max_rate":118792.0,"is_open":false,"enter_tag":"","leverage":1.0,"is_short":false,"open_timestamp":1753887600000,"close_timestamp":1753902000000,"orders":[{"amount":0.09781,"safe_price":118714.35,"ft_order_side":"buy","order_filled_timestamp":1753887600000,"ft_is_entry":true,"ft_order_tag":"","cost":11623.062024073499},{"amount":0.09781,"safe_price":116523.15,"ft_order_side":"sell","order_filled_timestamp":1753902000000,"ft_is_entry":false,"ft_order_tag":"exit_signal","cost":11408.526430801498}],"funding_fees":0.0},{"pair":"BTC/USDT","stake_amount":11376.205906,"max_stake_amount":11376.205906,"amount":0.09607,"open_date":"2025-07-31 01:00:00+00:00","close_date":"2025-07-31 15:00:00+00:00","open_rate":118415.8,"close_rate":117913.19,"fee_open":0.001,"fee_close":0.001,"trade_duration":840,"profit_ratio":-0.006233972064691268,"profit_abs":-70.98986877,"exit_reason":"exit_signal","initial_stop_loss_abs":1184.158000000001,"initial_stop_loss_ratio":-0.99,"stop_loss_abs":1184.158000000001,"stop_loss_ratio":-0.99,"min_rate":117807.35,"max_rate":118922.45,"is_open":false,"enter_tag":"","leverage":1.0,"is_short":false,"open_timestamp":1753923600000,"close_timestamp":1753974000000,"orders":[{"amount":0.09607,"safe_price":118415.8,"ft_order_side":"buy","order_filled_timestamp":1753923600000,"ft_is_entry":true,"ft_order_tag":"","cost":11387.582111906},{"amount":0.09607,"safe_price":117913.19,"ft_order_side":"sell","order_filled_timestamp":1753974000000,"ft_is_entry":false,"ft_order_tag":"exit_signal","cost":11339.2480834633}],"funding_fees":0.0},{"pair":"BTC/USDT","stake_amount":11306.1944255,"max_stake_amount":11306.1944255,"amount":0.09685,"open_date":"2025-08-09 06:00:00+00:00","close_date":"2025-08-14 13:00:00+00:00","open_rate":116739.23,"close_rate":118866.37,"fee_open":0.001,"fee_close":0.001,"trade_duration":7620,"profit_ratio":0.016186887263559605,"profit_abs":183.19510664,"exit_reason":"exit_signal","initial_stop_loss_abs":1167.392300000001,"initial_stop_loss_ratio":-0.99,"stop_loss_abs":1167.392300000001,"stop_loss_ratio":-0.99,"min_rate":116359.89,"max_rate":124474.0,"is_open":false,"enter_tag":"","leverage":1.0,"is_short":false,"open_timestamp":1754719200000,"close_timestamp":1755176400000,"orders":[{"amount":0.09685,"safe_price":116739.23,"ft_order_side":"buy","order_filled_timestamp":1754719200000,"ft_is_entry":true,"ft_order_tag":"","cost":11317.500619925499},{"amount":0.09685,"safe_price":118866.37,"ft_order_side":"sell","order_filled_timestamp":1755176400000,"ft_is_entry":false,"ft_order_tag":"exit_signal","cost":11523.720142434498}],"funding_fees":0.0},{"pair":"BTC/USDT","stake_amount":11487.0193256,"max_stake_amount":11487.0193256,"amount":0.09919,"open_date":"2025-08-22 15:00:00+00:00","close_date":"2025-08-29 02:00:00+00:00","open_rate":115808.24,"close_rate":111486.0,"fee_open":0.001,"fee_close":0.001,"trade_duration":9300,"profit_ratio":-0.03924581921626273,"profit_abs":-451.26830127,"exit_reason":"exit_signal","initial_stop_loss_abs":1158.0824000000011,"initial_stop_loss_ratio":-0.99,"stop_loss_abs":1158.0824000000011,"stop_loss_ratio":-0.99,"min_rate":108666.66,"max_rate":117429.05,"is_open":false,"enter_tag":"","leverage":1.0,"is_short":false,"open_timestamp":1755874800000,"close_timestamp":1756432800000,"orders":[{"amount":0.09919,"safe_price":115808.24,"ft_order_side":"buy","order_filled_timestamp":1755874800000,"ft_is_entry":true,"ft_order_tag":"","cost":11498.5063449256},{"amount":0.09919,"safe_price":111486.0,"ft_order_side":"sell","order_filled_timestamp":1756432800000,"ft_is_entry":false,"ft_order_tag":"exit_signal","cost":11069.35463634}],"funding_fees":0.0},{"pair":"BTC/USDT","stake_amount":11040.4262178,"max_stake_amount":11040.4262178,"amount":0.09927,"open_date":"2025-09-06 03:00:00+00:00","close_date":"2025-09-06 10:00:00+00:00","open_rate":111216.14,"close_rate":110695.06,"fee_open":0.001,"fee_close":0.001,"trade_duration":420,"profit_ratio":-0.006673931958155507,"profit_abs":-73.75673642,"exit_reason":"exit_signal","initial_stop_loss_abs":1112.161400000001,"initial_stop_loss_ratio":-0.99,"stop_loss_abs":1112.161400000001,"stop_loss_ratio":-0.99,"min_rate":110677.3,"max_rate":111307.7,"is_open":false,"enter_tag":"","leverage":1.0,"is_short":false,"open_timestamp":1757127600000,"close_timestamp":1757152800000,"orders":[{"amount":0.09927,"safe_price":111216.14,"ft_order_side":"buy","order_filled_timestamp":1757127600000,"ft_is_entry":true,"ft_order_tag":"","cost":11051.466644017797},{"amount":0.09927,"safe_price":110695.06,"ft_order_side":"sell","order_filled_timestamp":1757152800000,"ft_is_entry":false,"ft_order_tag":"exit_signal","cost":10999.687304806199}],"funding_fees":0.0},{"pair":"BTC/USDT","stake_amount":10967.9931064,"max_stake_amount":10967.9931064,"amount":0.09896,"open_date":"2025-09-06 13:00:00+00:00","close_date":"2025-09-06 15:00:00+00:00","open_rate":110832.59,"close_rate":110807.78,"fee_open":0.001,"fee_close":0.001,"trade_duration":120,"profit_ratio":-0.002221405868820911,"profit_abs":-24.38872862,"exit_reason":"exit_signal","initial_stop_loss_abs":1108.325900000001,"initial_stop_loss_ratio":-0.99,"stop_loss_abs":1108.325900000001,"stop_loss_ratio":-0.99,"min_rate":110358.11,"max_rate":110999.83,"is_open":false,"enter_tag":"","leverage":1.0,"is_short":false,"open_timestamp":1757163600000,"close_timestamp":1757170800000,"orders":[{"amount":0.09896,"safe_price":110832.59,"ft_order_side":"buy","order_filled_timestamp":1757163600000,"ft_is_entry":true,"ft_order_tag":"","cost":10978.9610995064},{"amount":0.09896,"safe_price":110807.78,"ft_order_side":"sell","order_filled_timestamp":1757170800000,"ft_is_entry":false,"ft_order_tag":"exit_signal","cost":10976.503446708799}],"funding_fees":0.0},{"pair":"BTC/USDT","stake_amount":10943.5444421,"max_stake_amount":10943.5444421,"amount":0.09881,"open_date":"2025-09-07 08:00:00+00:00","close_date":"2025-09-09 16:00:00+00:00","open_rate":110753.41,"close_rate":110880.76,"fee_open":0.001,"fee_close":0.001,"trade_duration":3360,"profit_ratio":-0.0008504476750940107,"profit_abs":-9.31621884,"exit_reason":"exit_signal","initial_stop_loss_abs":1107.534100000001,"initial_stop_loss_ratio":-0.99,"stop_loss_abs":1107.534100000001,"stop_loss_ratio":-0.99,"min_rate":110621.78,"max_rate":113293.29,"is_open":false,"enter_tag":"","leverage":1.0,"is_short":false,"open_timestamp":1757232000000,"close_timestamp":1757433600000,"orders":[{"amount":0.09881,"safe_price":110753.41,"ft_order_side":"buy","order_filled_timestamp":1757232000000,"ft_is_entry":true,"ft_order_tag":"","cost":10954.487986542099},{"amount":0.09881,"safe_price":110880.76,"ft_order_side":"sell","order_filled_timestamp":1757433600000,"ft_is_entry":false,"ft_order_tag":"exit_signal","cost":10967.084023495598}],"funding_fees":0.0},{"pair":"BTC/USDT","stake_amount":10934.8916314,"max_stake_amount":10934.8916314,"amount":0.09803,"open_date":"2025-09-10 00:00:00+00:00","close_date":"2025-09-10 01:00:00+00:00","open_rate":111546.38,"close_rate":111010.47,"fee_open":0.001,"fee_close":0.001,"trade_duration":60,"profit_ratio":-0.006792772126760181,"profit_abs":-74.35250531,"exit_reason":"exit_signal","initial_stop_loss_abs":1115.4638000000011,"initial_stop_loss_ratio":-0.99,"stop_loss_abs":1115.4638000000011,"stop_loss_ratio":-0.99,"min_rate":110917.45,"max_rate":111572.57,"is_open":false,"enter_tag":"","leverage":1.0,"is_short":false,"open_timestamp":1757462400000,"close_timestamp":1757466000000,"orders":[{"amount":0.09803,"safe_price":111546.38,"ft_order_side":"buy","order_filled_timestamp":1757462400000,"ft_is_entry":true,"ft_order_tag":"","cost":10945.826523031401},{"amount":0.09803,"safe_price":111010.47,"ft_order_side":"sell","order_filled_timestamp":1757466000000,"ft_is_entry":false,"ft_order_tag":"exit_signal","cost":10893.2387304741}],"funding_fees":0.0},{"pair":"BTC/USDT","stake_amount":10860.3569524,"max_stake_amount":10860.3569524,"amount":0.09748,"open_date":"2025-09-10 03:00:00+00:00","close_date":"2025-09-20 10:00:00+00:00","open_rate":111411.13,"close_rate":115672.8,"fee_open":0.001,"fee_close":0.001,"trade_duration":14820,"profit_ratio":0.036177314730122756,"profit_abs":393.2914501,"exit_reason":"exit_signal","initial_stop_loss_abs":1114.111300000001,"initial_stop_loss_ratio":-0.99,"stop_loss_abs":1114.111300000001,"stop_loss_ratio":-0.99,"min_rate":111372.08,"max_rate":117900.0,"is_open":false,"enter_tag":"","leverage":1.0,"is_short":false,"open_timestamp":1757473200000,"close_timestamp":1758362400000,"orders":[{"amount":0.09748,"safe_price":111411.13,"ft_order_side":"buy","order_filled_timestamp":1757473200000,"ft_is_entry":true,"ft_order_tag":"","cost":10871.217309352398},{"amount":0.09748,"safe_price":115672.8,"ft_order_side":"sell","order_filled_timestamp":1758362400000,"ft_is_entry":false,"ft_order_tag":"exit_signal","cost":11287.060328544}],"funding_fees":0.0},{"pair":"BTC/USDT","stake_amount":11250.0209503,"max_stake_amount":11250.0209503,"amount":0.09689,"open_date":"2025-10-01 09:00:00+00:00","close_date":"2025-10-09 09:00:00+00:00","open_rate":116111.27,"close_rate":121261.62,"fee_open":0.001,"fee_close":0.001,"trade_duration":11520,"profit_ratio":0.04227039322695112,"profit_abs":476.01835219,"exit_reason":"exit_signal","initial_stop_loss_abs":1161.112700000001,"initial_stop_loss_ratio":-0.99,"stop_loss_abs":1161.112700000001,"stop_loss_ratio":-0.99,"min_rate":115950.0,"max_rate":126199.63,"is_open":false,"enter_tag":"","leverage":1.0,"is_short":false,"open_timestamp":1759309200000,"close_timestamp":1760000400000,"orders":[{"amount":0.09689,"safe_price":116111.27,"ft_order_side":"buy","order_filled_timestamp":1759309200000,"ft_is_entry":true,"ft_order_tag":"","cost":11261.2709712503},{"amount":0.09689,"safe_price":121261.62,"ft_order_side":"sell","order_filled_timestamp":1760000400000,"ft_is_entry":false,"ft_order_tag":"exit_signal","cost":11760.787400161798}],"funding_fees":0.0}],"locks":[],"best_pair":{"key":"BTC/USDT","trades":26,"profit_mean":0.007420536926585652,"profit_mean_pct":0.74,"profit_total_abs":1840.3271101599994,"profit_total":0.18403271101599994,"profit_total_pct":18.4,"duration_avg":"5 days, 23:18:00","wins":9,"draws":0,"losses":17,"winrate":0.34615384615384615,"cagr":0.2443901448339343,"expectancy":70.78181192923074,"expectancy_ratio":0.4708422687872944,"sortino":0.9320769986098734,"sharpe":0.30436036961358953,"calmar":10.231289120536012,"sqn":0.8639,"profit_factor":1.7201117052040973,"max_drawdown_account":0.12186022913699998,"max_drawdown_abs":1218.60229137},"worst_pair":{"key":"BTC/USDT","trades":26,"profit_mean":0.007420536926585652,"profit_mean_pct":0.74,"profit_total_abs":1840.3271101599994,"profit_total":0.18403271101599994,"profit_total_pct":18.4,"duration_avg":"5 days, 23:18:00","wins":9,"draws":0,"losses":17,"winrate":0.34615384615384615,"cagr":0.2443901448339343,"expectancy":70.78181192923074,"expectancy_ratio":0.4708422687872944,"sortino":0.9320769986098734,"sharpe":0.30436036961358953,"calmar":10.231289120536012,"sqn":0.8639,"profit_factor":1.7201117052040973,"max_drawdown_account":0.12186022913699998,"max_drawdown_abs":1218.60229137},"results_per_pair":[{"key":"BTC/USDT","trades":26,"profit_mean":0.007420536926585652,"profit_mean_pct":0.74,"profit_total_abs":1840.3271101599994,"profit_total":0.18403271101599994,"profit_total_pct":18.4,"duration_avg":"5 days, 23:18:00","wins":9,"draws":0,"losses":17,"winrate":0.34615384615384615,"cagr":0.2443901448339343,"expectancy":70.78181192923074,"expectancy_ratio":0.4708422687872944,"sortino":0.9320769986098734,"sharpe":0.30436036961358953,"calmar":10.231289120536012,"sqn":0.8639,"profit_factor":1.7201117052040973,"max_drawdown_account":0.12186022913699998,"max_drawdown_abs":1218.60229137},{"key":"TOTAL","trades":26,"profit_mean":0.007420536926585652,"profit_mean_pct":0.74,"profit_total_abs":1840.3271101599994,"profit_total":0.18403271101599994,"profit_total_pct":18.4,"duration_avg":"5 days, 23:18:00","wins":9,"draws":0,"losses":17,"winrate":0.34615384615384615,"cagr":0.2443901448339343,"expectancy":70.78181192923074,"expectancy_ratio":0.4708422687872944,"sortino":0.9320769986098734,"sharpe":0.30436036961358953,"calmar":10.231289120536012,"sqn":0.8639,"profit_factor":1.7201117052040973,"max_drawdown_account":0.12186022913699998,"max_drawdown_abs":1218.60229137}],"results_per_enter_tag":[{"key":"","trades":26,"profit_mean":0.007420536926585652,"profit_mean_pct":0.74,"profit_total_abs":1840.3271101599994,"profit_total":0.18403271101599994,"profit_total_pct":18.4,"duration_avg":"5 days, 23:18:00","wins":9,"draws":0,"losses":17,"winrate":0.34615384615384615,"cagr":0.2443901448339343,"expectancy":70.78181192923074,"expectancy_ratio":0.4708422687872944,"sortino":0.9320769986098734,"sharpe":0.30436036961358953,"calmar":10.231289120536012,"sqn":0.8639,"profit_factor":1.7201117052040973,"max_drawdown_account":0.12186022913699998,"max_drawdown_abs":1218.60229137},{"key":"TOTAL","trades":26,"profit_mean":0.007420536926585652,"profit_mean_pct":0.74,"profit_total_abs":1840.3271101599994,"profit_total":0.18403271101599994,"profit_total_pct":18.4,"duration_avg":"5 days, 23:18:00","wins":9,"draws":0,"losses":17,"winrate":0.34615384615384615,"cagr":0.2443901448339343,"expectancy":70.78181192923074,"expectancy_ratio":0.4708422687872944,"sortino":0.9320769986098734,"sharpe":0.30436036961358953,"calmar":10.231289120536012,"sqn":0.8639,"profit_factor":1.7201117052040973,"max_drawdown_account":0.12186022913699998,"max_drawdown_abs":1218.60229137}],"exit_reason_summary":[{"key":"exit_signal","trades":26,"profit_mean":0.007420536926585652,"profit_mean_pct":0.74,"profit_total_abs":1840.3271101599994,"profit_total":0.18403271101599994,"profit_total_pct":18.4,"duration_avg":"5 days, 23:18:00","wins":9,"draws":0,"losses":17,"winrate":0.34615384615384615,"cagr":0.2443901448339343,"expectancy":70.78181192923074,"expectancy_ratio":0.4708422687872944,"sortino":0.9320769986098734,"sharpe":0.30436036961358953,"calmar":10.231289120536012,"sqn":0.8639,"profit_factor":1.7201117052040973,"max_drawdown_account":0.12186022913699998,"max_drawdown_abs":1218.60229137},{"key":"TOTAL","trades":26,"profit_mean":0.007420536926585652,"profit_mean_pct":0.74,"profit_total_abs":1840.3271101599994,"profit_total":0.18403271101599994,"profit_total_pct":18.4,"duration_avg":"5 days, 23:18:00","wins":9,"draws":0,"losses":17,"winrate":0.34615384615384615,"cagr":0.2443901448339343,"expectancy":70.78181192923074,"expectancy_ratio":0.4708422687872944,"sortino":0.9320769986098734,"sharpe":0.30436036961358953,"calmar":10.231289120536012,"sqn":0.8639,"profit_factor":1.7201117052040973,"max_drawdown_account":0.12186022913699998,"max_drawdown_abs":1218.60229137}],"mix_tag_stats":[{"key":["","exit_signal"],"trades":26,"profit_mean":0.007420536926585652,"profit_mean_pct":0.74,"profit_total_abs":1840.3271101599994,"profit_total":0.18403271101599994,"profit_total_pct":18.4,"duration_avg":"5 days, 23:18:00","wins":9,"draws":0,"losses":17,"winrate":0.34615384615384615,"cagr":0.2443901448339343,"expectancy":70.78181192923074,"expectancy_ratio":0.4708422687872944,"sortino":0.9320769986098734,"sharpe":0.30436036961358953,"calmar":10.231289120536012,"sqn":0.8639,"profit_factor":1.7201117052040973,"max_drawdown_account":0.12186022913699998,"max_drawdown_abs":1218.60229137},{"key":"TOTAL","trades":26,"profit_mean":0.007420536926585652,"profit_mean_pct":0.74,"profit_total_abs":1840.3271101599994,"profit_total":0.18403271101599994,"profit_total_pct":18.4,"duration_avg":"5 days, 23:18:00","wins":9,"draws":0,"losses":17,"winrate":0.34615384615384615,"cagr":0.2443901448339343,"expectancy":70.78181192923074,"expectancy_ratio":0.4708422687872944,"sortino":0.9320769986098734,"sharpe":0.30436036961358953,"calmar":10.231289120536012,"sqn":0.8639,"profit_factor":1.7201117052040973,"max_drawdown_account":0.12186022913699998,"max_drawdown_abs":1218.60229137}],"left_open_trades":[{"key":"TOTAL","trades":0,"profit_mean":0.0,"profit_mean_pct":0.0,"profit_total_abs":0.0,"profit_total":0.0,"profit_total_pct":0.0,"duration_avg":"0:00","wins":0,"draws":0,"losses":0,"winrate":0.0,"cagr":0.0,"expectancy":0.0,"expectancy_ratio":100.0,"sortino":0,"sharpe":0,"calmar":0,"sqn":0.0,"profit_factor":0.0,"max_drawdown_account":0.0,"max_drawdown_abs":0.0}],"total_trades":26,"trade_count_long":26,"trade_count_short":0,"total_volume":549323.8052630328,"avg_stake_amount":10507.421694084615,"profit_mean":0.007420536926585652,"profit_median":-0.004926344577417568,"profit_total":0.18403271101599994,"profit_total_long":0.18403271101599994,"profit_total_short":0.0,"profit_total_abs":1840.3271101599994,"profit_total_long_abs":1840.3271101599994,"profit_total_short_abs":0.0,"cagr":0.2443901448339343,"expectancy":70.78181192923074,"expectancy_ratio":0.4708422687872944,"sortino":0.9320769986098734,"sharpe":0.30436036961358953,"calmar":10.231289120536012,"sqn":0.8639,"profit_factor":1.7201117052040973,"backtest_start":"2025-01-01 00:00:00","backtest_start_ts":1735689600000,"backtest_end":"2025-10-10 00:00:00","backtest_end_ts":1760054400000,"backtest_days":282,"backtest_run_start_ts":1760842243,"backtest_run_end_ts":1760842249,"trades_per_day":0.09,"market_change":0.28965889606841616,"pairlist":["BTC/USDT"],"stake_amount":"unlimited","stake_currency":"USDT","stake_currency_decimals":3,"starting_balance":10000,"dry_run_wallet":10000,"final_balance":11840.32711016,"rejected_signals":0,"timedout_entry_orders":0,"timedout_exit_orders":0,"canceled_trade_entries":0,"canceled_entry_orders":0,"replaced_entry_orders":0,"max_open_trades":1,"max_open_trades_setting":1,"timeframe":"1h","timeframe_detail":"","timerange":"20250101-20251010","enable_protections":false,"strategy_name":"TrendlineBreakoutStrategy","freqaimodel":null,"freqai_identifier":null,"stoploss":-0.99,"trailing_stop":false,"trailing_stop_positive":0.0,"trailing_stop_positive_offset":0.0,"trailing_only_offset_is_reached":false,"use_custom_stoploss":true,"minimal_roi":{"0":100},"use_exit_signal":true,"exit_profit_only":false,"exit_profit_offset":0.0,"ignore_roi_if_entry_signal":false,"trading_mode":"spot","margin_mode":"","periodic_breakdown":{"day":[{"date":"11/01/2025","date_ts":1736553600000,"profit_abs":-419.30529765,"wins":0,"draws":0,"losses":1,"trades":1,"profit_factor":0.0},{"date":"12/01/2025","date_ts":1736640000000,"profit_abs":0.0,"wins":0,"draws":0,"losses":0,"trades":0,"profit_factor":0.0},{"date":"13/01/2025","date_ts":1736726400000,"profit_abs":0.0,"wins":0,"draws":0,"losses":0,"trades":0,"profit_factor":0.0},{"date":"14/01/2025","date_ts":1736812800000,"profit_abs":0.0,"wins":0,"draws":0,"losses":0,"trades":0,"profit_factor":0.0},{"date":"15/01/2025","date_ts":1736899200000,"profit_abs":0.0,"wins":0,"draws":0,"losses":0,"trades":0,"profit_factor":0.0},{"date":"16/01/2025","date_ts":1736985600000,"profit_abs":0.0,"wins":0,"draws":0,"losses":0,"trades":0,"profit_factor":0.0},{"date":"17/01/2025","date_ts":1737072000000,"profit_abs":0.0,"wins":0,"draws":0,"losses":0,"trades":0,"profit_factor":0.0},{"date":"18/01/2025","date_ts":1737158400000,"profit_abs":0.0,"wins":0,"draws":0,"losses":0,"trades":0,"profit_factor":0.0},{"date":"19/01/2025","date_ts":1737244800000,"profit_abs":0.0,"wins":0,"draws":0,"losses":0,"trades":0,"profit_factor":0.0},{"date":"20/01/2025","date_ts":1737331200000,"profit_abs":0.0,"wins":0,"draws":0,"losses":0,"trades":0,"profit_factor":0.0},{"date":"21/01/2025","date_ts":1737417600000,"profit_abs":0.0,"wins":0,"draws":0,"losses":0,"trades":0,"profit_factor":0.0},{"date":"22/01/2025","date_ts":1737504000000,"profit_abs":0.0,"wins":0,"draws":0,"losses":0,"trades":0,"profit_factor":0.0},{"date":"23/01/2025","date_ts":1737590400000,"profit_abs":0.0,"wins":0,"draws":0,"losses":0,"trades":0,"profit_factor":0.0},{"date":"24/01/2025","date_ts":1737676800000,"profit_abs":0.0,"wins":0,"draws":0,"losses":0,"trades":0,"profit_factor":0.0},{"date":"25/01/2025","date_ts":1737763200000,"profit_abs":0.0,"wins":0,"draws":0,"losses":0,"trades":0,"profit_factor":0.0},{"date":"26/01/2025","date_ts":1737849600000,"profit_abs":0.0,"wins":0,"draws":0,"losses":0,"trades":0,"profit_factor":0.0},{"date":"27/01/2025","date_ts":1737936000000,"profit_abs":0.0,"wins":0,"draws":0,"losses":0,"trades":0,"profit_factor":0.0},{"date":"28/01/2025","date_ts":1738022400000,"profit_abs":-260.37272521,"wins":0,"draws":0,"losses":1,"trades":1,"profit_factor":0.0},{"date":"29/01/2025","date_ts":1738108800000,"profit_abs":0.0,"wins":0,"draws":0,"losses":0,"trades":0,"profit_factor":0.0},{"date":"30/01/2025","date_ts":1738195200000,"profit_abs":0.0,"wins":0,"draws":0,"losses":0,"trades":0,"profit_factor":0.0},{"date":"31/01/2025","date_ts":1738281600000,"profit_abs":-38.78445259,"wins":0,"draws":0,"losses":1,"trades":1,"profit_factor":0.0},{"date":"01/02/2025","date_ts":1738368000000,"profit_abs":0.0,"wins":0,"draws":0,"losses":0,"trades":0,"profit_factor":0.0},{"date":"02/02/2025","date_ts":1738454400000,"profit_abs":0.0,"wins":0,"draws":0,"losses":0,"trades":0,"profit_factor":0.0},{"date":"03/02/2025","date_ts":1738540800000,"profit_abs":0.0,"wins":0,"draws":0,"losses":0,"trades":0,"profit_factor":0.0},{"date":"04/02/2025","date_ts":1738627200000,"profit_abs":0.0,"wins":0,"draws":0,"losses":0,"trades":0,"profit_factor":0.0},{"date":"05/02/2025","date_ts":1738713600000,"profit_abs":0.0,"wins":0,"draws":0,"losses":0,"trades":0,"profit_factor":0.0},{"date":"06/02/2025","date_ts":1738800000000,"profit_abs":0.0,"wins":0,"draws":0,"losses":0,"trades":0,"profit_factor":0.0},{"date":"07/02/2025","date_ts":1738886400000,"profit_abs":0.0,"wins":0,"draws":0,"losses":0,"trades":0,"profit_factor":0.0},{"date":"08/02/2025","date_ts":1738972800000,"profit_abs":0.0,"wins":0,"draws":0,"losses":0,"trades":0,"profit_factor":0.0},{"date":"09/02/2025","date_ts":1739059200000,"profit_abs":0.0,"wins":0,"draws":0,"losses":0,"trades":0,"profit_factor":0.0},{"date":"10/02/2025","date_ts":1739145600000,"profit_abs":0.0,"wins":0,"draws":0,"losses":0,"trades":0,"profit_factor":0.0},{"date":"11/02/2025","date_ts":1739232000000,"profit_abs":0.0,"wins":0,"draws":0,"losses":0,"trades":0,"profit_factor":0.0},{"date":"12/02/2025","date_ts":1739318400000,"profit_abs":0.0,"wins":0,"draws":0,"losses":0,"trades":0,"profit_factor":0.0},{"date":"13/02/2025","date_ts":1739404800000,"profit_abs":0.0,"wins":0,"draws":0,"losses":0,"trades":0,"profit_factor":0.0},{"date":"14/02/2025","date_ts":1739491200000,"profit_abs":0.0,"wins":0,"draws":0,"losses":0,"trades":0,"profit_factor":0.0},{"date":"15/02/2025","date_ts":1739577600000,"profit_abs":0.0,"wins":0,"draws":0,"losses":0,"trades":0,"profit_factor":0.0},{"date":"16/02/2025","date_ts":1739664000000,"profit_abs":-54.278151,"wins":0,"draws":0,"losses":1,"trades":1,"profit_factor":0.0},{"date":"17/02/2025","date_ts":1739750400000,"profit_abs":0.0,"wins":0,"draws":0,"losses":0,"trades":0,"profit_factor":0.0},{"date":"18/02/2025","date_ts":1739836800000,"profit_abs":0.0,"wins":0,"draws":0,"losses":0,"trades":0,"profit_factor":0.0},{"date":"19/02/2025","date_ts":1739923200000,"profit_abs":0.0,"wins":0,"draws":0,"losses":0,"trades":0,"profit_factor":0.0},{"date":"20/02/2025","date_ts":1740009600000,"profit_abs":0.0,"wins":0,"draws":0,"losses":0,"trades":0,"profit_factor":0.0},{"date":"21/02/2025","date_ts":1740096000000,"profit_abs":0.0,"wins":0,"draws":0,"losses":0,"trades":0,"profit_factor":0.0},{"date":"22/02/2025","date_ts":1740182400000,"profit_abs":0.0,"wins":0,"draws":0,"losses":0,"trades":0,"profit_factor":0.0},{"date":"23/02/2025","date_ts":1740268800000,"profit_abs":0.0,"wins":0,"draws":0,"losses":0,"trades":0,"profit_factor":0.0},{"date":"24/02/2025","date_ts":1740355200000,"profit_abs":0.0,"wins":0,"draws":0,"losses":0,"trades":0,"profit_factor":0.0},{"date":"25/02/2025","date_ts":1740441600000,"profit_abs":0.0,"wins":0,"draws":0,"losses":0,"trades":0,"profit_factor":0.0},{"date":"26/02/2025","date_ts":1740528000000,"profit_abs":0.0,"wins":0,"draws":0,"losses":0,"trades":0,"profit_factor":0.0},{"date":"27/02/2025","date_ts":1740614400000,"profit_abs":0.0,"wins":0,"draws":0,"losses":0,"trades":0,"profit_factor":0.0},{"date":"28/02/2025","date_ts":1740700800000,"profit_abs":0.0,"wins":0,"draws":0,"losses":0,"trades":0,"profit_factor":0.0},{"date":"01/03/2025","date_ts":1740787200000,"profit_abs":0.0,"wins":0,"draws":0,"losses":0,"trades":0,"profit_factor":0.0},{"date":"02/03/2025","date_ts":1740873600000,"profit_abs":0.0,"wins":0,"draws":0,"losses":0,"trades":0,"profit_factor":0.0},{"date":"03/03/2025","date_ts":1740960000000,"profit_abs":0.0,"wins":0,"draws":0,"losses":0,"trades":0,"profit_factor":0.0},{"date":"04/03/2025","date_ts":1741046400000,"profit_abs":0.0,"wins":0,"draws":0,"losses":0,"trades":0,"profit_factor":0.0},{"date":"05/03/2025","date_ts":1741132800000,"profit_abs":0.0,"wins":0,"draws":0,"losses":0,"trades":0,"profit_factor":0.0},{"date":"06/03/2025","date_ts":1741219200000,"profit_abs":0.0,"wins":0,"draws":0,"losses":0,"trades":0,"profit_factor":0.0},{"date":"07/03/2025","date_ts":1741305600000,"profit_abs":0.0,"wins":0,"draws":0,"losses":0,"trades":0,"profit_factor":0.0},{"date":"08/03/2025","date_ts":1741392000000,"profit_abs":0.0,"wins":0,"draws":0,"losses":0,"trades":0,"profit_factor":0.0},{"date":"09/03/2025","date_ts":1741478400000,"profit_abs":0.0,"wins":0,"draws":0,"losses":0,"trades":0,"profit_factor":0.0},{"date":"10/03/2025","date_ts":1741564800000,"profit_abs":0.0,"wins":0,"draws":0,"losses":0,"trades":0,"profit_factor":0.0},{"date":"11/03/2025","date_ts":1741651200000,"profit_abs":0.0,"wins":0,"draws":0,"losses":0,"trades":0,"profit_factor":0.0},{"date":"12/03/2025","date_ts":1741737600000,"profit_abs":0.0,"wins":0,"draws":0,"losses":0,"trades":0,"profit_factor":0.0},{"date":"13/03/2025","date_ts":1741824000000,"profit_abs":0.0,"wins":0,"draws":0,"losses":0,"trades":0,"profit_factor":0.0},{"date":"14/03/2025","date_ts":1741910400000,"profit_abs":0.0,"wins":0,"draws":0,"losses":0,"trades":0,"profit_factor":0.0},{"date":"15/03/2025","date_ts":1741996800000,"profit_abs":0.0,"wins":0,"draws":0,"losses":0,"trades":0,"profit_factor":0.0},{"date":"16/03/2025","date_ts":1742083200000,"profit_abs":0.0,"wins":0,"draws":0,"losses":0,"trades":0,"profit_factor":0.0},{"date":"17/03/2025","date_ts":1742169600000,"profit_abs":-162.87320048,"wins":0,"draws":0,"losses":1,"trades":1,"profit_factor":0.0},{"date":"18/03/2025","date_ts":1742256000000,"profit_abs":0.0,"wins":0,"draws":0,"losses":0,"trades":0,"profit_factor":0.0},{"date":"19/03/2025","date_ts":1742342400000,"profit_abs":0.0,"wins":0,"draws":0,"losses":0,"trades":0,"profit_factor":0.0},{"date":"20/03/2025","date_ts":1742428800000,"profit_abs":0.0,"wins":0,"draws":0,"losses":0,"trades":0,"profit_factor":0.0},{"date":"21/03/2025","date_ts":1742515200000,"profit_abs":0.0,"wins":0,"draws":0,"losses":0,"trades":0,"profit_factor":0.0},{"date":"22/03/2025","date_ts":1742601600000,"profit_abs":0.0,"wins":0,"draws":0,"losses":0,"trades":0,"profit_factor":0.0},{"date":"23/03/2025","date_ts":1742688000000,"profit_abs":0.0,"wins":0,"draws":0,"losses":0,"trades":0,"profit_factor":0.0},{"date":"24/03/2025","date_ts":1742774400000,"profit_abs":0.0,"wins":0,"draws":0,"losses":0,"trades":0,"profit_factor":0.0},{"date":"25/03/2025","date_ts":1742860800000,"profit_abs":0.0,"wins":0,"draws":0,"losses":0,"trades":0,"profit_factor":0.0},{"date":"26/03/2025","date_ts":1742947200000,"profit_abs":0.0,"wins":0,"draws":0,"losses":0,"trades":0,"profit_factor":0.0},{"date":"27/03/2025","date_ts":1743033600000,"profit_abs":0.0,"wins":0,"draws":0,"losses":0,"trades":0,"profit_factor":0.0},{"date":"28/03/2025","date_ts":1743120000000,"profit_abs":0.0,"wins":0,"draws":0,"losses":0,"trades":0,"profit_factor":0.0},{"date":"29/03/2025","date_ts":1743206400000,"profit_abs":0.0,"wins":0,"draws":0,"losses":0,"trades":0,"profit_factor":0.0},{"date":"30/03/2025","date_ts":1743292800000,"profit_abs":0.0,"wins":0,"draws":0,"losses":0,"trades":0,"profit_factor":0.0},{"date":"31/03/2025","date_ts":1743379200000,"profit_abs":0.0,"wins":0,"draws":0,"losses":0,"trades":0,"profit_factor":0.0},{"date":"01/04/2025","date_ts":1743465600000,"profit_abs":0.0,"wins":0,"draws":0,"losses":0,"trades":0,"profit_factor":0.0},{"date":"02/04/2025","date_ts":1743552000000,"profit_abs":0.0,"wins":0,"draws":0,"losses":0,"trades":0,"profit_factor":0.0},{"date":"03/04/2025","date_ts":1743638400000,"profit_abs":0.0,"wins":0,"draws":0,"losses":0,"trades":0,"profit_factor":0.0},{"date":"04/04/2025","date_ts":1743724800000,"profit_abs":0.0,"wins":0,"draws":0,"losses":0,"trades":0,"profit_factor":0.0},{"date":"05/04/2025","date_ts":1743811200000,"profit_abs":-282.98846444,"wins":0,"draws":0,"losses":1,"trades":1,"profit_factor":0.0},{"date":"06/04/2025","date_ts":1743897600000,"profit_abs":0.0,"wins":0,"draws":0,"losses":0,"trades":0,"profit_factor":0.0},{"date":"07/04/2025","date_ts":1743984000000,"profit_abs":0.0,"wins":0,"draws":0,"losses":0,"trades":0,"profit_factor":0.0},{"date":"08/04/2025","date_ts":1744070400000,"profit_abs":0.0,"wins":0,"draws":0,"losses":0,"trades":0,"profit_factor":0.0},{"date":"09/04/2025","date_ts":1744156800000,"profit_abs":0.0,"wins":0,"draws":0,"losses":0,"trades":0,"profit_factor":0.0},{"date":"10/04/2025","date_ts":1744243200000,"profit_abs":0.0,"wins":0,"draws":0,"losses":0,"trades":0,"profit_factor":0.0},{"date":"11/04/2025","date_ts":1744329600000,"profit_abs":0.0,"wins":0,"draws":0,"losses":0,"trades":0,"profit_factor":0.0},{"date":"12/04/2025","date_ts":1744416000000,"profit_abs":0.0,"wins":0,"draws":0,"losses":0,"trades":0,"profit_factor":0.0},{"date":"13/04/2025","date_ts":1744502400000,"profit_abs":0.0,"wins":0,"draws":0,"losses":0,"trades":0,"profit_factor":0.0},{"date":"14/04/2025","date_ts":1744588800000,"profit_abs":0.0,"wins":0,"draws":0,"losses":0,"trades":0,"profit_factor":0.0},{"date":"15/04/2025","date_ts":1744675200000,"profit_abs":0.0,"wins":0,"draws":0,"losses":0,"trades":0,"profit_factor":0.0},{"date":"16/04/2025","date_ts":1744761600000,"profit_abs":0.0,"wins":0,"draws":0,"losses":0,"trades":0,"profit_factor":0.0},{"date":"17/04/2025","date_ts":1744848000000,"profit_abs":0.0,"wins":0,"draws":0,"losses":0,"trades":0,"profit_factor":0.0},{"date":"18/04/2025","date_ts":1744934400000,"profit_abs":0.0,"wins":0,"draws":0,"losses":0,"trades":0,"profit_factor":0.0},{"date":"19/04/2025","date_ts":1745020800000,"profit_abs":0.0,"wins":0,"draws":0,"losses":0,"trades":0,"profit_factor":0.0},{"date":"20/04/2025","date_ts":1745107200000,"profit_abs":0.0,"wins":0,"draws":0,"losses":0,"trades":0,"profit_factor":0.0},{"date":"21/04/2025","date_ts":1745193600000,"profit_abs":0.0,"wins":0,"draws":0,"losses":0,"trades":0,"profit_factor":0.0},{"date":"22/04/2025","date_ts":1745280000000,"profit_abs":0.0,"wins":0,"draws":0,"losses":0,"trades":0,"profit_factor":0.0},{"date":"23/04/2025","date_ts":1745366400000,"profit_abs":0.0,"wins":0,"draws":0,"losses":0,"trades":0,"profit_factor":0.0},{"date":"24/04/2025","date_ts":1745452800000,"profit_abs":0.0,"wins":0,"draws":0,"losses":0,"trades":0,"profit_factor":0.0},{"date":"25/04/2025","date_ts":1745539200000,"profit_abs":0.0,"wins":0,"draws":0,"losses":0,"trades":0,"profit_factor":0.0},{"date":"26/04/2025","date_ts":1745625600000,"profit_abs":0.0,"wins":0,"draws":0,"losses":0,"trades":0,"profit_factor":0.0},{"date":"27/04/2025","date_ts":1745712000000,"profit_abs":0.0,"wins":0,"draws":0,"losses":0,"trades":0,"profit_factor":0.0},{"date":"28/04/2025","date_ts":1745798400000,"profit_abs":0.0,"wins":0,"draws":0,"losses":0,"trades":0,"profit_factor":0.0},{"date":"29/04/2025","date_ts":1745884800000,"profit_abs":0.0,"wins":0,"draws":0,"losses":0,"trades":0,"profit_factor":0.0},{"date":"30/04/2025","date_ts":1745971200000,"profit_abs":0.0,"wins":0,"draws":0,"losses":0,"trades":0,"profit_factor":0.0},{"date":"01/05/2025","date_ts":1746057600000,"profit_abs":0.0,"wins":0,"draws":0,"losses":0,"trades":0,"profit_factor":0.0},{"date":"02/05/2025","date_ts":1746144000000,"profit_abs":0.0,"wins":0,"draws":0,"losses":0,"trades":0,"profit_factor":0.0},{"date":"03/05/2025","date_ts":1746230400000,"profit_abs":0.0,"wins":0,"draws":0,"losses":0,"trades":0,"profit_factor":0.0},{"date":"04/05/2025","date_ts":1746316800000,"profit_abs":0.0,"wins":0,"draws":0,"losses":0,"trades":0,"profit_factor":0.0},{"date":"05/05/2025","date_ts":1746403200000,"profit_abs":0.0,"wins":0,"draws":0,"losses":0,"trades":0,"profit_factor":0.0},{"date":"06/05/2025","date_ts":1746489600000,"profit_abs":1365.97708532,"wins":1,"draws":0,"losses":0,"trades":1,"profit_factor":0.0},{"date":"07/05/2025","date_ts":1746576000000,"profit_abs":0.0,"wins":0,"draws":0,"losses":0,"trades":0,"profit_factor":0.0},{"date":"08/05/2025","date_ts":1746662400000,"profit_abs":0.0,"wins":0,"draws":0,"losses":0,"trades":0,"profit_factor":0.0},{"date":"09/05/2025","date_ts":1746748800000,"profit_abs":0.0,"wins":0,"draws":0,"losses":0,"trades":0,"profit_factor":0.0},{"date":"10/05/2025","date_ts":1746835200000,"profit_abs":0.0,"wins":0,"draws":0,"losses":0,"trades":0,"profit_factor":0.0},{"date":"11/05/2025","date_ts":1746921600000,"profit_abs":0.0,"wins":0,"draws":0,"losses":0,"trades":0,"profit_factor":0.0},{"date":"12/05/2025","date_ts":1747008000000,"profit_abs":0.0,"wins":0,"draws":0,"losses":0,"trades":0,"profit_factor":0.0},{"date":"13/05/2025","date_ts":1747094400000,"profit_abs":0.0,"wins":0,"draws":0,"losses":0,"trades":0,"profit_factor":0.0},{"date":"14/05/2025","date_ts":1747180800000,"profit_abs":0.0,"wins":0,"draws":0,"losses":0,"trades":0,"profit_factor":0.0},{"date":"15/05/2025","date_ts":1747267200000,"profit_abs":0.0,"wins":0,"draws":0,"losses":0,"trades":0,"profit_factor":0.0},{"date":"16/05/2025","date_ts":1747353600000,"profit_abs":0.0,"wins":0,"draws":0,"losses":0,"trades":0,"profit_factor":0.0},{"date":"17/05/2025","date_ts":1747440000000,"profit_abs":0.0,"wins":0,"draws":0,"losses":0,"trades":0,"profit_factor":0.0},{"date":"18/05/2025","date_ts":1747526400000,"profit_abs":0.0,"wins":0,"draws":0,"losses":0,"trades":0,"profit_factor":0.0},{"date":"19/05/2025","date_ts":1747612800000,"profit_abs":516.96586231,"wins":1,"draws":0,"losses":0,"trades":1,"profit_factor":0.0},{"date":"20/05/2025","date_ts":1747699200000,"profit_abs":0.0,"wins":0,"draws":0,"losses":0,"trades":0,"profit_factor":0.0},{"date":"21/05/2025","date_ts":1747785600000,"profit_abs":0.0,"wins":0,"draws":0,"losses":0,"trades":0,"profit_factor":0.0},{"date":"22/05/2025","date_ts":1747872000000,"profit_abs":0.0,"wins":0,"draws":0,"losses":0,"trades":0,"profit_factor":0.0},{"date":"23/05/2025","date_ts":1747958400000,"profit_abs":0.0,"wins":0,"draws":0,"losses":0,"trades":0,"profit_factor":0.0},{"date":"24/05/2025","date_ts":1748044800000,"profit_abs":0.0,"wins":0,"draws":0,"losses":0,"trades":0,"profit_factor":0.0},{"date":"25/05/2025","date_ts":1748131200000,"profit_abs":375.61462868,"wins":1,"draws":0,"losses":0,"trades":1,"profit_factor":0.0},{"date":"26/05/2025","date_ts":1748217600000,"profit_abs":0.0,"wins":0,"draws":0,"losses":0,"trades":0,"profit_factor":0.0},{"date":"27/05/2025","date_ts":1748304000000,"profit_abs":0.0,"wins":0,"draws":0,"losses":0,"trades":0,"profit_factor":0.0},{"date":"28/05/2025","date_ts":1748390400000,"profit_abs":0.0,"wins":0,"draws":0,"losses":0,"trades":0,"profit_factor":0.0},{"date":"29/05/2025","date_ts":1748476800000,"profit_abs":-61.85110217,"wins":0,"draws":0,"losses":1,"trades":1,"profit_factor":0.0},{"date":"30/05/2025","date_ts":1748563200000,"profit_abs":0.0,"wins":0,"draws":0,"losses":0,"trades":0,"profit_factor":0.0},{"date":"31/05/2025","date_ts":1748649600000,"profit_abs":0.0,"wins":0,"draws":0,"losses":0,"trades":0,"profit_factor":0.0},{"date":"01/06/2025","date_ts":1748736000000,"profit_abs":0.0,"wins":0,"draws":0,"losses":0,"trades":0,"profit_factor":0.0},{"date":"02/06/2025","date_ts":1748822400000,"profit_abs":0.0,"wins":0,"draws":0,"losses":0,"trades":0,"profit_factor":0.0},{"date":"03/06/2025","date_ts":1748908800000,"profit_abs":0.0,"wins":0,"draws":0,"losses":0,"trades":0,"profit_factor":0.0},{"date":"04/06/2025","date_ts":1748995200000,"profit_abs":0.0,"wins":0,"draws":0,"losses":0,"trades":0,"profit_factor":0.0},{"date":"05/06/2025","date_ts":1749081600000,"profit_abs":0.0,"wins":0,"draws":0,"losses":0,"trades":0,"profit_factor":0.0},{"date":"06/06/2025","date_ts":1749168000000,"profit_abs":0.0,"wins":0,"draws":0,"losses":0,"trades":0,"profit_factor":0.0},{"date":"07/06/2025","date_ts":1749254400000,"profit_abs":-80.48642513,"wins":0,"draws":0,"losses":1,"trades":1,"profit_factor":0.0},{"date":"08/06/2025","date_ts":1749340800000,"profit_abs":0.0,"wins":0,"draws":0,"losses":0,"trades":0,"profit_factor":0.0},{"date":"09/06/2025","date_ts":1749427200000,"profit_abs":0.0,"wins":0,"draws":0,"losses":0,"trades":0,"profit_factor":0.0},{"date":"10/06/2025","date_ts":1749513600000,"profit_abs":0.0,"wins":0,"draws":0,"losses":0,"trades":0,"profit_factor":0.0},{"date":"11/06/2025","date_ts":1749600000000,"profit_abs":0.0,"wins":0,"draws":0,"losses":0,"trades":0,"profit_factor":0.0},{"date":"12/06/2025","date_ts":1749686400000,"profit_abs":0.0,"wins":0,"draws":0,"losses":0,"trades":0,"profit_factor":0.0},{"date":"13/06/2025","date_ts":1749772800000,"profit_abs":0.0,"wins":0,"draws":0,"losses":0,"trades":0,"profit_factor":0.0},{"date":"14/06/2025","date_ts":1749859200000,"profit_abs":1.82935697,"wins":1,"draws":0,"losses":0,"trades":1,"profit_factor":0.0},{"date":"15/06/2025","date_ts":1749945600000,"profit_abs":0.0,"wins":0,"draws":0,"losses":0,"trades":0,"profit_factor":0.0},{"date":"16/06/2025","date_ts":1750032000000,"profit_abs":0.0,"wins":0,"draws":0,"losses":0,"trades":0,"profit_factor":0.0},{"date":"17/06/2025","date_ts":1750118400000,"profit_abs":0.0,"wins":0,"draws":0,"losses":0,"trades":0,"profit_factor":0.0},{"date":"18/06/2025","date_ts":1750204800000,"profit_abs":0.0,"wins":0,"draws":0,"losses":0,"trades":0,"profit_factor":0.0},{"date":"19/06/2025","date_ts":1750291200000,"profit_abs":0.0,"wins":0,"draws":0,"losses":0,"trades":0,"profit_factor":0.0},{"date":"20/06/2025","date_ts":1750377600000,"profit_abs":-212.24869405,"wins":0,"draws":0,"losses":1,"trades":1,"profit_factor":0.0},{"date":"21/06/2025","date_ts":1750464000000,"profit_abs":0.0,"wins":0,"draws":0,"losses":0,"trades":0,"profit_factor":0.0},{"date":"22/06/2025","date_ts":1750550400000,"profit_abs":0.0,"wins":0,"draws":0,"losses":0,"trades":0,"profit_factor":0.0},{"date":"23/06/2025","date_ts":1750636800000,"profit_abs":0.0,"wins":0,"draws":0,"losses":0,"trades":0,"profit_factor":0.0},{"date":"24/06/2025","date_ts":1750723200000,"profit_abs":0.0,"wins":0,"draws":0,"losses":0,"trades":0,"profit_factor":0.0},{"date":"25/06/2025","date_ts":1750809600000,"profit_abs":0.0,"wins":0,"draws":0,"losses":0,"trades":0,"profit_factor":0.0},{"date":"26/06/2025","date_ts":1750896000000,"profit_abs":0.0,"wins":0,"draws":0,"losses":0,"trades":0,"profit_factor":0.0},{"date":"27/06/2025","date_ts":1750982400000,"profit_abs":0.0,"wins":0,"draws":0,"losses":0,"trades":0,"profit_factor":0.0},{"date":"28/06/2025","date_ts":1751068800000,"profit_abs":0.0,"wins":0,"draws":0,"losses":0,"trades":0,"profit_factor":0.0},{"date":"29/06/2025","date_ts":1751155200000,"profit_abs":0.0,"wins":0,"draws":0,"losses":0,"trades":0,"profit_factor":0.0},{"date":"30/06/2025","date_ts":1751241600000,"profit_abs":0.0,"wins":0,"draws":0,"losses":0,"trades":0,"profit_factor":0.0},{"date":"01/07/2025","date_ts":1751328000000,"profit_abs":27.08468915,"wins":1,"draws":0,"losses":0,"trades":1,"profit_factor":0.0},{"date":"02/07/2025","date_ts":1751414400000,"profit_abs":0.0,"wins":0,"draws":0,"losses":0,"trades":0,"profit_factor":0.0},{"date":"03/07/2025","date_ts":1751500800000,"profit_abs":0.0,"wins":0,"draws":0,"losses":0,"trades":0,"profit_factor":0.0},{"date":"04/07/2025","date_ts":1751587200000,"profit_abs":0.0,"wins":0,"draws":0,"losses":0,"trades":0,"profit_factor":0.0},{"date":"05/07/2025","date_ts":1751673600000,"profit_abs":0.0,"wins":0,"draws":0,"losses":0,"trades":0,"profit_factor":0.0},{"date":"06/07/2025","date_ts":1751760000000,"profit_abs":0.0,"wins":0,"draws":0,"losses":0,"trades":0,"profit_factor":0.0},{"date":"07/07/2025","date_ts":1751846400000,"profit_abs":0.0,"wins":0,"draws":0,"losses":0,"trades":0,"profit_factor":0.0},{"date":"08/07/2025","date_ts":1751932800000,"profit_abs":0.0,"wins":0,"draws":0,"losses":0,"trades":0,"profit_factor":0.0},{"date":"09/07/2025","date_ts":1752019200000,"profit_abs":0.0,"wins":0,"draws":0,"losses":0,"trades":0,"profit_factor":0.0},{"date":"10/07/2025","date_ts":1752105600000,"profit_abs":0.0,"wins":0,"draws":0,"losses":0,"trades":0,"profit_factor":0.0},{"date":"11/07/2025","date_ts":1752192000000,"profit_abs":0.0,"wins":0,"draws":0,"losses":0,"trades":0,"profit_factor":0.0},{"date":"12/07/2025","date_ts":1752278400000,"profit_abs":0.0,"wins":0,"draws":0,"losses":0,"trades":0,"profit_factor":0.0},{"date":"13/07/2025","date_ts":1752364800000,"profit_abs":0.0,"wins":0,"draws":0,"losses":0,"trades":0,"profit_factor":0.0},{"date":"14/07/2025","date_ts":1752451200000,"profit_abs":0.0,"wins":0,"draws":0,"losses":0,"trades":0,"profit_factor":0.0},{"date":"15/07/2025","date_ts":1752537600000,"profit_abs":0.0,"wins":0,"draws":0,"losses":0,"trades":0,"profit_factor":0.0},{"date":"16/07/2025","date_ts":1752624000000,"profit_abs":0.0,"wins":0,"draws":0,"losses":0,"trades":0,"profit_factor":0.0},{"date":"17/07/2025","date_ts":1752710400000,"profit_abs":0.0,"wins":0,"draws":0,"losses":0,"trades":0,"profit_factor":0.0},{"date":"18/07/2025","date_ts":1752796800000,"profit_abs":0.0,"wins":0,"draws":0,"losses":0,"trades":0,"profit_factor":0.0},{"date":"19/07/2025","date_ts":1752883200000,"profit_abs":0.0,"wins":0,"draws":0,"losses":0,"trades":0,"profit_factor":0.0},{"date":"20/07/2025","date_ts":1752969600000,"profit_abs":1055.96396053,"wins":1,"draws":0,"losses":0,"trades":1,"profit_factor":0.0},{"date":"21/07/2025","date_ts":1753056000000,"profit_abs":0.0,"wins":0,"draws":0,"losses":0,"trades":0,"profit_factor":0.0},{"date":"22/07/2025","date_ts":1753142400000,"profit_abs":0.0,"wins":0,"draws":0,"losses":0,"trades":0,"profit_factor":0.0},{"date":"23/07/2025","date_ts":1753228800000,"profit_abs":0.0,"wins":0,"draws":0,"losses":0,"trades":0,"profit_factor":0.0},{"date":"24/07/2025","date_ts":1753315200000,"profit_abs":0.0,"wins":0,"draws":0,"losses":0,"trades":0,"profit_factor":0.0},{"date":"25/07/2025","date_ts":1753401600000,"profit_abs":0.0,"wins":0,"draws":0,"losses":0,"trades":0,"profit_factor":0.0},{"date":"26/07/2025","date_ts":1753488000000,"profit_abs":0.0,"wins":0,"draws":0,"losses":0,"trades":0,"profit_factor":0.0},{"date":"27/07/2025","date_ts":1753574400000,"profit_abs":0.0,"wins":0,"draws":0,"losses":0,"trades":0,"profit_factor":0.0},{"date":"28/07/2025","date_ts":1753660800000,"profit_abs":-41.02265791,"wins":0,"draws":0,"losses":1,"trades":1,"profit_factor":0.0},{"date":"29/07/2025","date_ts":1753747200000,"profit_abs":0.0,"wins":0,"draws":0,"losses":0,"trades":0,"profit_factor":0.0},{"date":"30/07/2025","date_ts":1753833600000,"profit_abs":-237.32985187,"wins":0,"draws":0,"losses":1,"trades":1,"profit_factor":0.0},{"date":"31/07/2025","date_ts":1753920000000,"profit_abs":-70.98986877,"wins":0,"draws":0,"losses":1,"trades":1,"profit_factor":0.0},{"date":"01/08/2025","date_ts":1754006400000,"profit_abs":0.0,"wins":0,"draws":0,"losses":0,"trades":0,"profit_factor":0.0},{"date":"02/08/2025","date_ts":1754092800000,"profit_abs":0.0,"wins":0,"draws":0,"losses":0,"trades":0,"profit_factor":0.0},{"date":"03/08/2025","date_ts":1754179200000,"profit_abs":0.0,"wins":0,"draws":0,"losses":0,"trades":0,"profit_factor":0.0},{"date":"04/08/2025","date_ts":1754265600000,"profit_abs":0.0,"wins":0,"draws":0,"losses":0,"trades":0,"profit_factor":0.0},{"date":"05/08/2025","date_ts":1754352000000,"profit_abs":0.0,"wins":0,"draws":0,"losses":0,"trades":0,"profit_factor":0.0},{"date":"06/08/2025","date_ts":1754438400000,"profit_abs":0.0,"wins":0,"draws":0,"losses":0,"trades":0,"profit_factor":0.0},{"date":"07/08/2025","date_ts":1754524800000,"profit_abs":0.0,"wins":0,"draws":0,"losses":0,"trades":0,"profit_factor":0.0},{"date":"08/08/2025","date_ts":1754611200000,"profit_abs":0.0,"wins":0,"draws":0,"losses":0,"trades":0,"profit_factor":0.0},{"date":"09/08/2025","date_ts":1754697600000,"profit_abs":0.0,"wins":0,"draws":0,"losses":0,"trades":0,"profit_factor":0.0},{"date":"10/08/2025","date_ts":1754784000000,"profit_abs":0.0,"wins":0,"draws":0,"losses":0,"trades":0,"profit_factor":0.0},{"date":"11/08/2025","date_ts":1754870400000,"profit_abs":0.0,"wins":0,"draws":0,"losses":0,"trades":0,"profit_factor":0.0},{"date":"12/08/2025","date_ts":1754956800000,"profit_abs":0.0,"wins":0,"draws":0,"losses":0,"trades":0,"profit_factor":0.0},{"date":"13/08/2025","date_ts":1755043200000,"profit_abs":0.0,"wins":0,"draws":0,"losses":0,"trades":0,"profit_factor":0.0},{"date":"14/08/2025","date_ts":1755129600000,"profit_abs":183.19510664,"wins":1,"draws":0,"losses":0,"trades":1,"profit_factor":0.0},{"date":"15/08/2025","date_ts":1755216000000,"profit_abs":0.0,"wins":0,"draws":0,"losses":0,"trades":0,"profit_factor":0.0},{"date":"16/08/2025","date_ts":1755302400000,"profit_abs":0.0,"wins":0,"draws":0,"losses":0,"trades":0,"profit_factor":0.0},{"date":"17/08/2025","date_ts":1755388800000,"profit_abs":0.0,"wins":0,"draws":0,"losses":0,"trades":0,"profit_factor":0.0},{"date":"18/08/2025","date_ts":1755475200000,"profit_abs":0.0,"wins":0,"draws":0,"losses":0,"trades":0,"profit_factor":0.0},{"date":"19/08/2025","date_ts":1755561600000,"profit_abs":0.0,"wins":0,"draws":0,"losses":0,"trades":0,"profit_factor":0.0},{"date":"20/08/2025","date_ts":1755648000000,"profit_abs":0.0,"wins":0,"draws":0,"losses":0,"trades":0,"profit_factor":0.0},{"date":"21/08/2025","date_ts":1755734400000,"profit_abs":0.0,"wins":0,"draws":0,"losses":0,"trades":0,"profit_factor":0.0},{"date":"22/08/2025","date_ts":1755820800000,"profit_abs":0.0,"wins":0,"draws":0,"losses":0,"trades":0,"profit_factor":0.0},{"date":"23/08/2025","date_ts":1755907200000,"profit_abs":0.0,"wins":0,"draws":0,"losses":0,"trades":0,"profit_factor":0.0},{"date":"24/08/2025","date_ts":1755993600000,"profit_abs":0.0,"wins":0,"draws":0,"losses":0,"trades":0,"profit_factor":0.0},{"date":"25/08/2025","date_ts":1756080000000,"profit_abs":0.0,"wins":0,"draws":0,"losses":0,"trades":0,"profit_factor":0.0},{"date":"26/08/2025","date_ts":1756166400000,"profit_abs":0.0,"wins":0,"draws":0,"losses":0,"trades":0,"profit_factor":0.0},{"date":"27/08/2025","date_ts":1756252800000,"profit_abs":0.0,"wins":0,"draws":0,"losses":0,"trades":0,"profit_factor":0.0},{"date":"28/08/2025","date_ts":1756339200000,"profit_abs":0.0,"wins":0,"draws":0,"losses":0,"trades":0,"profit_factor":0.0},{"date":"29/08/2025","date_ts":1756425600000,"profit_abs":-451.26830127,"wins":0,"draws":0,"losses":1,"trades":1,"profit_factor":0.0},{"date":"30/08/2025","date_ts":1756512000000,"profit_abs":0.0,"wins":0,"draws":0,"losses":0,"trades":0,"profit_factor":0.0},{"date":"31/08/2025","date_ts":1756598400000,"profit_abs":0.0,"wins":0,"draws":0,"losses":0,"trades":0,"profit_factor":0.0},{"date":"01/09/2025","date_ts":1756684800000,"profit_abs":0.0,"wins":0,"draws":0,"losses":0,"trades":0,"profit_factor":0.0},{"date":"02/09/2025","date_ts":1756771200000,"profit_abs":0.0,"wins":0,"draws":0,"losses":0,"trades":0,"profit_factor":0.0},{"date":"03/09/2025","date_ts":1756857600000,"profit_abs":0.0,"wins":0,"draws":0,"losses":0,"trades":0,"profit_factor":0.0},{"date":"04/09/2025","date_ts":1756944000000,"profit_abs":0.0,"wins":0,"draws":0,"losses":0,"trades":0,"profit_factor":0.0},{"date":"05/09/2025","date_ts":1757030400000,"profit_abs":0.0,"wins":0,"draws":0,"losses":0,"trades":0,"profit_factor":0.0},{"date":"06/09/2025","date_ts":1757116800000,"profit_abs":-98.14546504,"wins":0,"draws":0,"losses":2,"trades":2,"profit_factor":0.0},{"date":"07/09/2025","date_ts":1757203200000,"profit_abs":0.0,"wins":0,"draws":0,"losses":0,"trades":0,"profit_factor":0.0},{"date":"08/09/2025","date_ts":1757289600000,"profit_abs":0.0,"wins":0,"draws":0,"losses":0,"trades":0,"profit_factor":0.0},{"date":"09/09/2025","date_ts":1757376000000,"profit_abs":-9.31621884,"wins":0,"draws":0,"losses":1,"trades":1,"profit_factor":0.0},{"date":"10/09/2025","date_ts":1757462400000,"profit_abs":-74.35250531,"wins":0,"draws":0,"losses":1,"trades":1,"profit_factor":0.0},{"date":"11/09/2025","date_ts":1757548800000,"profit_abs":0.0,"wins":0,"draws":0,"losses":0,"trades":0,"profit_factor":0.0},{"date":"12/09/2025","date_ts":1757635200000,"profit_abs":0.0,"wins":0,"draws":0,"losses":0,"trades":0,"profit_factor":0.0},{"date":"13/09/2025","date_ts":1757721600000,"profit_abs":0.0,"wins":0,"draws":0,"losses":0,"trades":0,"profit_factor":0.0},{"date":"14/09/2025","date_ts":1757808000000,"profit_abs":0.0,"wins":0,"draws":0,"losses":0,"trades":0,"profit_factor":0.0},{"date":"15/09/2025","date_ts":1757894400000,"profit_abs":0.0,"wins":0,"draws":0,"losses":0,"trades":0,"profit_factor":0.0},{"date":"16/09/2025","date_ts":1757980800000,"profit_abs":0.0,"wins":0,"draws":0,"losses":0,"trades":0,"profit_factor":0.0},{"date":"17/09/2025","date_ts":1758067200000,"profit_abs":0.0,"wins":0,"draws":0,"losses":0,"trades":0,"profit_factor":0.0},{"date":"18/09/2025","date_ts":1758153600000,"profit_abs":0.0,"wins":0,"draws":0,"losses":0,"trades":0,"profit_factor":0.0},{"date":"19/09/2025","date_ts":1758240000000,"profit_abs":0.0,"wins":0,"draws":0,"losses":0,"trades":0,"profit_factor":0.0},{"date":"20/09/2025","date_ts":1758326400000,"profit_abs":393.2914501,"wins":1,"draws":0,"losses":0,"trades":1,"profit_factor":0.0},{"date":"21/09/2025","date_ts":1758412800000,"profit_abs":0.0,"wins":0,"draws":0,"losses":0,"trades":0,"profit_factor":0.0},{"date":"22/09/2025","date_ts":1758499200000,"profit_abs":0.0,"wins":0,"draws":0,"losses":0,"trades":0,"profit_factor":0.0},{"date":"23/09/2025","date_ts":1758585600000,"profit_abs":0.0,"wins":0,"draws":0,"losses":0,"trades":0,"profit_factor":0.0},{"date":"24/09/2025","date_ts":1758672000000,"profit_abs":0.0,"wins":0,"draws":0,"losses":0,"trades":0,"profit_factor":0.0},{"date":"25/09/2025","date_ts":1758758400000,"profit_abs":0.0,"wins":0,"draws":0,"losses":0,"trades":0,"profit_factor":0.0},{"date":"26/09/2025","date_ts":1758844800000,"profit_abs":0.0,"wins":0,"draws":0,"losses":0,"trades":0,"profit_factor":0.0},{"date":"27/09/2025","date_ts":1758931200000,"profit_abs":0.0,"wins":0,"draws":0,"losses":0,"trades":0,"profit_factor":0.0},{"date":"28/09/2025","date_ts":1759017600000,"profit_abs":0.0,"wins":0,"draws":0,"losses":0,"trades":0,"profit_factor":0.0},{"date":"29/09/2025","date_ts":1759104000000,"profit_abs":0.0,"wins":0,"draws":0,"losses":0,"trades":0,"profit_factor":0.0},{"date":"30/09/2025","date_ts":1759190400000,"profit_abs":0.0,"wins":0,"draws":0,"losses":0,"trades":0,"profit_factor":0.0},{"date":"01/10/2025","date_ts":1759276800000,"profit_abs":0.0,"wins":0,"draws":0,"losses":0,"trades":0,"profit_factor":0.0},{"date":"02/10/2025","date_ts":1759363200000,"profit_abs":0.0,"wins":0,"draws":0,"losses":0,"trades":0,"profit_factor":0.0},{"date":"03/10/2025","date_ts":1759449600000,"profit_abs":0.0,"wins":0,"draws":0,"losses":0,"trades":0,"profit_factor":0.0},{"date":"04/10/2025","date_ts":1759536000000,"profit_abs":0.0,"wins":0,"draws":0,"losses":0,"trades":0,"profit_factor":0.0},{"date":"05/10/2025","date_ts":1759622400000,"profit_abs":0.0,"wins":0,"draws":0,"losses":0,"trades":0,"profit_factor":0.0},{"date":"06/10/2025","date_ts":1759708800000,"profit_abs":0.0,"wins":0,"draws":0,"losses":0,"trades":0,"profit_factor":0.0},{"date":"07/10/2025","date_ts":1759795200000,"profit_abs":0.0,"wins":0,"draws":0,"losses":0,"trades":0,"profit_factor":0.0},{"date":"08/10/2025","date_ts":1759881600000,"profit_abs":0.0,"wins":0,"draws":0,"losses":0,"trades":0,"profit_factor":0.0},{"date":"09/10/2025","date_ts":1759968000000,"profit_abs":476.01835219,"wins":1,"draws":0,"losses":0,"trades":1,"profit_factor":0.0}],"week":[{"date":"13/01/2025","date_ts":1736726400000,"profit_abs":-419.30529765,"wins":0,"draws":0,"losses":1,"trades":1,"profit_factor":0.0},{"date":"20/01/2025","date_ts":1737331200000,"profit_abs":0.0,"wins":0,"draws":0,"losses":0,"trades":0,"profit_factor":0.0},{"date":"27/01/2025","date_ts":1737936000000,"profit_abs":0.0,"wins":0,"draws":0,"losses":0,"trades":0,"profit_factor":0.0},{"date":"03/02/2025","date_ts":1738540800000,"profit_abs":-299.1571778,"wins":0,"draws":0,"losses":2,"trades":2,"profit_factor":0.0},{"date":"10/02/2025","date_ts":1739145600000,"profit_abs":0.0,"wins":0,"draws":0,"losses":0,"trades":0,"profit_factor":0.0},{"date":"17/02/2025","date_ts":1739750400000,"profit_abs":-54.278151,"wins":0,"draws":0,"losses":1,"trades":1,"profit_factor":0.0},{"date":"24/02/2025","date_ts":1740355200000,"profit_abs":0.0,"wins":0,"draws":0,"losses":0,"trades":0,"profit_factor":0.0},{"date":"03/03/2025","date_ts":1740960000000,"profit_abs":0.0,"wins":0,"draws":0,"losses":0,"trades":0,"profit_factor":0.0},{"date":"10/03/2025","date_ts":1741564800000,"profit_abs":0.0,"wins":0,"draws":0,"losses":0,"trades":0,"profit_factor":0.0},{"date":"17/03/2025","date_ts":1742169600000,"profit_abs":-162.87320048,"wins":0,"draws":0,"losses":1,"trades":1,"profit_factor":0.0},{"date":"24/03/2025","date_ts":1742774400000,"profit_abs":0.0,"wins":0,"draws":0,"losses":0,"trades":0,"profit_factor":0.0},{"date":"31/03/2025","date_ts":1743379200000,"profit_abs":0.0,"wins":0,"draws":0,"losses":0,"trades":0,"profit_factor":0.0},{"date":"07/04/2025","date_ts":1743984000000,"profit_abs":-282.98846444,"wins":0,"draws":0,"losses":1,"trades":1,"profit_factor":0.0},{"date":"14/04/2025","date_ts":1744588800000,"profit_abs":0.0,"wins":0,"draws":0,"losses":0,"trades":0,"profit_factor":0.0},{"date":"21/04/2025","date_ts":1745193600000,"profit_abs":0.0,"wins":0,"draws":0,"losses":0,"trades":0,"profit_factor":0.0},{"date":"28/04/2025","date_ts":1745798400000,"profit_abs":0.0,"wins":0,"draws":0,"losses":0,"trades":0,"profit_factor":0.0},{"date":"05/05/2025","date_ts":1746403200000,"profit_abs":0.0,"wins":0,"draws":0,"losses":0,"trades":0,"profit_factor":0.0},{"date":"12/05/2025","date_ts":1747008000000,"profit_abs":1365.97708532,"wins":1,"draws":0,"losses":0,"trades":1,"profit_factor":0.0},{"date":"19/05/2025","date_ts":1747612800000,"profit_abs":516.96586231,"wins":1,"draws":0,"losses":0,"trades":1,"profit_factor":0.0},{"date":"26/05/2025","date_ts":1748217600000,"profit_abs":375.61462868,"wins":1,"draws":0,"losses":0,"trades":1,"profit_factor":0.0},{"date":"02/06/2025","date_ts":1748822400000,"profit_abs":-61.85110217,"wins":0,"draws":0,"losses":1,"trades":1,"profit_factor":0.0},{"date":"09/06/2025","date_ts":1749427200000,"profit_abs":-80.48642513,"wins":0,"draws":0,"losses":1,"trades":1,"profit_factor":0.0},{"date":"16/06/2025","date_ts":1750032000000,"profit_abs":1.82935697,"wins":1,"draws":0,"losses":0,"trades":1,"profit_factor":0.0},{"date":"23/06/2025","date_ts":1750636800000,"profit_abs":-212.24869405,"wins":0,"draws":0,"losses":1,"trades":1,"profit_factor":0.0},{"date":"30/06/2025","date_ts":1751241600000,"profit_abs":0.0,"wins":0,"draws":0,"losses":0,"trades":0,"profit_factor":0.0},{"date":"07/07/2025","date_ts":1751846400000,"profit_abs":27.08468915,"wins":1,"draws":0,"losses":0,"trades":1,"profit_factor":0.0},{"date":"14/07/2025","date_ts":1752451200000,"profit_abs":0.0,"wins":0,"draws":0,"losses":0,"trades":0,"profit_factor":0.0},{"date":"21/07/2025","date_ts":1753056000000,"profit_abs":1055.96396053,"wins":1,"draws":0,"losses":0,"trades":1,"profit_factor":0.0},{"date":"28/07/2025","date_ts":1753660800000,"profit_abs":-41.02265791,"wins":0,"draws":0,"losses":1,"trades":1,"profit_factor":0.0},{"date":"04/08/2025","date_ts":1754265600000,"profit_abs":-308.31972064,"wins":0,"draws":0,"losses":2,"trades":2,"profit_factor":0.0},{"date":"11/08/2025","date_ts":1754870400000,"profit_abs":0.0,"wins":0,"draws":0,"losses":0,"trades":0,"profit_factor":0.0},{"date":"18/08/2025","date_ts":1755475200000,"profit_abs":183.19510664,"wins":1,"draws":0,"losses":0,"trades":1,"profit_factor":0.0},{"date":"25/08/2025","date_ts":1756080000000,"profit_abs":0.0,"wins":0,"draws":0,"losses":0,"trades":0,"profit_factor":0.0},{"date":"01/09/2025","date_ts":1756684800000,"profit_abs":-451.26830127,"wins":0,"draws":0,"losses":1,"trades":1,"profit_factor":0.0},{"date":"08/09/2025","date_ts":1757289600000,"profit_abs":-98.14546504,"wins":0,"draws":0,"losses":2,"trades":2,"profit_factor":0.0},{"date":"15/09/2025","date_ts":1757894400000,"profit_abs":-83.66872415,"wins":0,"draws":0,"losses":2,"trades":2,"profit_factor":0.0},{"date":"22/09/2025","date_ts":1758499200000,"profit_abs":393.2914501,"wins":1,"draws":0,"losses":0,"trades":1,"profit_factor":0.0},{"date":"29/09/2025","date_ts":1759104000000,"profit_abs":0.0,"wins":0,"draws":0,"losses":0,"trades":0,"profit_factor":0.0},{"date":"06/10/2025","date_ts":1759708800000,"profit_abs":0.0,"wins":0,"draws":0,"losses":0,"trades":0,"profit_factor":0.0},{"date":"13/10/2025","date_ts":1760313600000,"profit_abs":476.01835219,"wins":1,"draws":0,"losses":0,"trades":1,"profit_factor":0.0}],"month":[{"date":"31/01/2025","date_ts":1738281600000,"profit_abs":-718.46247545,"wins":0,"draws":0,"losses":3,"trades":3,"profit_factor":0.0},{"date":"28/02/2025","date_ts":1740700800000,"profit_abs":-54.278151,"wins":0,"draws":0,"losses":1,"trades":1,"profit_factor":0.0},{"date":"31/03/2025","date_ts":1743379200000,"profit_abs":-162.87320048,"wins":0,"draws":0,"losses":1,"trades":1,"profit_factor":0.0},{"date":"30/04/2025","date_ts":1745971200000,"profit_abs":-282.98846444,"wins":0,"draws":0,"losses":1,"trades":1,"profit_factor":0.0},{"date":"31/05/2025","date_ts":1748649600000,"profit_abs":2196.70647414,"wins":3,"draws":0,"losses":1,"trades":4,"profit_factor":36.51604413},{"date":"30/06/2025","date_ts":1751241600000,"profit_abs":-290.90576221,"wins":1,"draws":0,"losses":2,"trades":3,"profit_factor":0.00624919},{"date":"31/07/2025","date_ts":1753920000000,"profit_abs":733.70627113,"wins":2,"draws":0,"losses":3,"trades":5,"profit_factor":3.10024983},{"date":"31/08/2025","date_ts":1756598400000,"profit_abs":-268.07319463,"wins":1,"draws":0,"losses":1,"trades":2,"profit_factor":0.40595607},{"date":"30/09/2025","date_ts":1759190400000,"profit_abs":211.47726091,"wins":1,"draws":0,"losses":4,"trades":5,"profit_factor":2.16315048},{"date":"31/10/2025","date_ts":1761868800000,"profit_abs":476.01835219,"wins":1,"draws":0,"losses":0,"trades":1,"profit_factor":0.0}],"year":[{"date":"31/12/2025","date_ts":1767139200000,"profit_abs":1840.32711016,"wins":9,"draws":0,"losses":17,"trades":26,"profit_factor":1.72011171}]},"backtest_best_day":0.1569764109664194,"backtest_worst_day":-0.04231355661400651,"backtest_best_day_abs":1365.97708532,"backtest_worst_day_abs":-451.26830127,"winning_days":9,"draw_days":247,"losing_days":16,"daily_profit":[["2025-01-11",-419.30529765],["2025-01-12",0.0],["2025-01-13",0.0],["2025-01-14",0.0],["2025-01-15",0.0],["2025-01-16",0.0],["2025-01-17",0.0],["2025-01-18",0.0],["2025-01-19",0.0],["2025-01-20",0.0],["2025-01-21",0.0],["2025-01-22",0.0],["2025-01-23",0.0],["2025-01-24",0.0],["2025-01-25",0.0],["2025-01-26",0.0],["2025-01-27",0.0],["2025-01-28",-260.37272521],["2025-01-29",0.0],["2025-01-30",0.0],["2025-01-31",-38.78445259],["2025-02-01",0.0],["2025-02-02",0.0],["2025-02-03",0.0],["2025-02-04",0.0],["2025-02-05",0.0],["2025-02-06",0.0],["2025-02-07",0.0],["2025-02-08",0.0],["2025-02-09",0.0],["2025-02-10",0.0],["2025-02-11",0.0],["2025-02-12",0.0],["2025-02-13",0.0],["2025-02-14",0.0],["2025-02-15",0.0],["2025-02-16",-54.278151],["2025-02-17",0.0],["2025-02-18",0.0],["2025-02-19",0.0],["2025-02-20",0.0],["2025-02-21",0.0],["2025-02-22",0.0],["2025-02-23",0.0],["2025-02-24",0.0],["2025-02-25",0.0],["2025-02-26",0.0],["2025-02-27",0.0],["2025-02-28",0.0],["2025-03-01",0.0],["2025-03-02",0.0],["2025-03-03",0.0],["2025-03-04",0.0],["2025-03-05",0.0],["2025-03-06",0.0],["2025-03-07",0.0],["2025-03-08",0.0],["2025-03-09",0.0],["2025-03-10",0.0],["2025-03-11",0.0],["2025-03-12",0.0],["2025-03-13",0.0],["2025-03-14",0.0],["2025-03-15",0.0],["2025-03-16",0.0],["2025-03-17",-162.87320048],["2025-03-18",0.0],["2025-03-19",0.0],["2025-03-20",0.0],["2025-03-21",0.0],["2025-03-22",0.0],["2025-03-23",0.0],["2025-03-24",0.0],["2025-03-25",0.0],["2025-03-26",0.0],["2025-03-27",0.0],["2025-03-28",0.0],["2025-03-29",0.0],["2025-03-30",0.0],["2025-03-31",0.0],["2025-04-01",0.0],["2025-04-02",0.0],["2025-04-03",0.0],["2025-04-04",0.0],["2025-04-05",-282.98846444],["2025-04-06",0.0],["2025-04-07",0.0],["2025-04-08",0.0],["2025-04-09",0.0],["2025-04-10",0.0],["2025-04-11",0.0],["2025-04-12",0.0],["2025-04-13",0.0],["2025-04-14",0.0],["2025-04-15",0.0],["2025-04-16",0.0],["2025-04-17",0.0],["2025-04-18",0.0],["2025-04-19",0.0],["2025-04-20",0.0],["2025-04-21",0.0],["2025-04-22",0.0],["2025-04-23",0.0],["2025-04-24",0.0],["2025-04-25",0.0],["2025-04-26",0.0],["2025-04-27",0.0],["2025-04-28",0.0],["2025-04-29",0.0],["2025-04-30",0.0],["2025-05-01",0.0],["2025-05-02",0.0],["2025-05-03",0.0],["2025-05-04",0.0],["2025-05-05",0.0],["2025-05-06",1365.97708532],["2025-05-07",0.0],["2025-05-08",0.0],["2025-05-09",0.0],["2025-05-10",0.0],["2025-05-11",0.0],["2025-05-12",0.0],["2025-05-13",0.0],["2025-05-14",0.0],["2025-05-15",0.0],["2025-05-16",0.0],["2025-05-17",0.0],["2025-05-18",0.0],["2025-05-19",516.96586231],["2025-05-20",0.0],["2025-05-21",0.0],["2025-05-22",0.0],["2025-05-23",0.0],["2025-05-24",0.0],["2025-05-25",375.61462868],["2025-05-26",0.0],["2025-05-27",0.0],["2025-05-28",0.0],["2025-05-29",-61.85110217],["2025-05-30",0.0],["2025-05-31",0.0],["2025-06-01",0.0],["2025-06-02",0.0],["2025-06-03",0.0],["2025-06-04",0.0],["2025-06-05",0.0],["2025-06-06",0.0],["2025-06-07",-80.48642513],["2025-06-08",0.0],["2025-06-09",0.0],["2025-06-10",0.0],["2025-06-11",0.0],["2025-06-12",0.0],["2025-06-13",0.0],["2025-06-14",1.82935697],["2025-06-15",0.0],["2025-06-16",0.0],["2025-06-17",0.0],["2025-06-18",0.0],["2025-06-19",0.0],["2025-06-20",-212.24869405],["2025-06-21",0.0],["2025-06-22",0.0],["2025-06-23",0.0],["2025-06-24",0.0],["2025-06-25",0.0],["2025-06-26",0.0],["2025-06-27",0.0],["2025-06-28",0.0],["2025-06-29",0.0],["2025-06-30",0.0],["2025-07-01",27.08468915],["2025-07-02",0.0],["2025-07-03",0.0],["2025-07-04",0.0],["2025-07-05",0.0],["2025-07-06",0.0],["2025-07-07",0.0],["2025-07-08",0.0],["2025-07-09",0.0],["2025-07-10",0.0],["2025-07-11",0.0],["2025-07-12",0.0],["2025-07-13",0.0],["2025-07-14",0.0],["2025-07-15",0.0],["2025-07-16",0.0],["2025-07-17",0.0],["2025-07-18",0.0],["2025-07-19",0.0],["2025-07-20",1055.96396053],["2025-07-21",0.0],["2025-07-22",0.0],["2025-07-23",0.0],["2025-07-24",0.0],["2025-07-25",0.0],["2025-07-26",0.0],["2025-07-27",0.0],["2025-07-28",-41.02265791],["2025-07-29",0.0],["2025-07-30",-237.32985187],["2025-07-31",-70.98986877],["2025-08-01",0.0],["2025-08-02",0.0],["2025-08-03",0.0],["2025-08-04",0.0],["2025-08-05",0.0],["2025-08-06",0.0],["2025-08-07",0.0],["2025-08-08",0.0],["2025-08-09",0.0],["2025-08-10",0.0],["2025-08-11",0.0],["2025-08-12",0.0],["2025-08-13",0.0],["2025-08-14",183.19510664],["2025-08-15",0.0],["2025-08-16",0.0],["2025-08-17",0.0],["2025-08-18",0.0],["2025-08-19",0.0],["2025-08-20",0.0],["2025-08-21",0.0],["2025-08-22",0.0],["2025-08-23",0.0],["2025-08-24",0.0],["2025-08-25",0.0],["2025-08-26",0.0],["2025-08-27",0.0],["2025-08-28",0.0],["2025-08-29",-451.26830127],["2025-08-30",0.0],["2025-08-31",0.0],["2025-09-01",0.0],["2025-09-02",0.0],["2025-09-03",0.0],["2025-09-04",0.0],["2025-09-05",0.0],["2025-09-06",-98.14546504],["2025-09-07",0.0],["2025-09-08",0.0],["2025-09-09",-9.31621884],["2025-09-10",-74.35250531],["2025-09-11",0.0],["2025-09-12",0.0],["2025-09-13",0.0],["2025-09-14",0.0],["2025-09-15",0.0],["2025-09-16",0.0],["2025-09-17",0.0],["2025-09-18",0.0],["2025-09-19",0.0],["2025-09-20",393.2914501],["2025-09-21",0.0],["2025-09-22",0.0],["2025-09-23",0.0],["2025-09-24",0.0],["2025-09-25",0.0],["2025-09-26",0.0],["2025-09-27",0.0],["2025-09-28",0.0],["2025-09-29",0.0],["2025-09-30",0.0],["2025-10-01",0.0],["2025-10-02",0.0],["2025-10-03",0.0],["2025-10-04",0.0],["2025-10-05",0.0],["2025-10-06",0.0],["2025-10-07",0.0],["2025-10-08",0.0],["2025-10-09",476.01835219]],"wins":9,"losses":17,"draws":0,"winrate":0.34615384615384615,"holding_avg":"5 days, 23:18:00","holding_avg_s":515880.0,"winner_holding_min":"5d 07:00","winner_holding_min_s":457200.0,"winner_holding_max":"25d 02:00","winner_holding_max_s":2167200.0,"winner_holding_avg":"10d 21:07","winner_holding_avg_s":940020.0,"loser_holding_min":"0d 01:00","loser_holding_min_s":3600.0,"loser_holding_max":"15d 13:00","loser_holding_max_s":1342800.0,"loser_holding_avg":"3d 08:56","loser_holding_avg_s":291360.0,"max_consecutive_wins":3,"max_consecutive_losses":6,"max_drawdown_account":0.12186022913699998,"max_relative_drawdown":0.12186022913699998,"max_drawdown_abs":1218.60229137,"drawdown_start":"2025-01-11 09:00:00","drawdown_start_ts":1736586000000.0,"drawdown_end":"2025-04-05 04:00:00","drawdown_end_ts":1743825600000.0,"drawdown_duration":"83 days 19:00:00","drawdown_duration_s":7239600.0,"max_drawdown_low":-1218.60229137,"max_drawdown_high":-419.30529765,"csum_min":8781.39770863,"csum_max":11840.32711016}},"strategy_comparison":[{"key":"TrendlineBreakoutStrategy","trades":26,"profit_mean":0.007420536926585652,"profit_mean_pct":0.74,"profit_total_abs":1840.3271101599994,"profit_total":0.18403271101599994,"profit_total_pct":18.4,"duration_avg":"5 days, 23:18:00","wins":9,"draws":0,"losses":17,"winrate":0.34615384615384615,"cagr":0.2443901448339343,"expectancy":70.78181192923074,"expectancy_ratio":0.4708422687872944,"sortino":0.9320769986098734,"sharpe":0.30436036961358953,"calmar":10.231289120536012,"sqn":0.8639,"profit_factor":1.7201117052040973,"max_drawdown_account":0.12186022913699998,"max_drawdown_abs":"1218.602"}]}