{"strategy":{"TrendlineBreakoutStrategy":{"trades":[{"pair":"BTC/USDT","stake_amount":9899.4315883,"max_stake_amount":9899.4315883,"amount":0.09439,"open_date":"2025-01-19 03:00:00+00:00","close_date":"2025-02-09 14:00:00+00:00","open_rate":104877.97,"close_rate":95877.93,"fee_open":0.001,"fee_close":0.001,"trade_duration":30900,"profit_ratio":-0.08764094400085845,"profit_abs":-868.463125,"exit_reason":"exit_signal","initial_stop_loss_abs":1048.779700000001,"initial_stop_loss_ratio":-0.99,"stop_loss_abs":1048.779700000001,"stop_loss_ratio":-0.99,"min_rate":91231.0,"max_rate":109588.0,"is_open":false,"enter_tag":"","leverage":1.0,"is_short":false,"open_timestamp":1737255600000,"close_timestamp":1739109600000,"orders":[{"amount":0.09439,"safe_price":104877.97,"ft_order_side":"buy","order_filled_timestamp":1737255600000,"ft_is_entry":true,"ft_order_tag":"","cost":9909.3310198883},{"amount":0.09439,"safe_price":95877.93,"ft_order_side":"sell","order_filled_timestamp":1739109600000,"ft_is_entry":false,"ft_order_tag":"exit_signal","cost":9058.967730512699}],"funding_fees":0.0},{"pair":"BTC/USDT","stake_amount":9039.428114,"max_stake_amount":9039.428114,"amount":0.1049,"open_date":"2025-03-20 15:00:00+00:00","close_date":"2025-05-06 17:00:00+00:00","open_rate":86171.86,"close_rate":94241.01,"fee_open":0.001,"fee_close":0.001,"trade_duration":67800,"profit_ratio":0.09145510232406315,"profit_abs":827.52852494,"exit_reason":"exit_signal","initial_stop_loss_abs":861.7186000000007,"initial_stop_loss_ratio":-0.99,"stop_loss_abs":861.7186000000007,"stop_loss_ratio":-0.99,"min_rate":74508.0,"max_rate":97895.68,"is_open":false,"enter_tag":"","leverage":1.0,"is_short":false,"open_timestamp":1742482800000,"close_timestamp":1746550800000,"orders":[{"amount":0.1049,"safe_price":86171.86,"ft_order_side":"buy","order_filled_timestamp":1742482800000,"ft_is_entry":true,"ft_order_tag":"","cost":9048.467542114},{"amount":0.1049,"safe_price":94241.01,"ft_order_side":"sell","order_filled_timestamp":1746550800000,"ft_is_entry":false,"ft_order_tag":"exit_signal","cost":9895.767830948998}],"funding_fees":0.0},{"pair":"BTC/USDT","stake_amount":9859.1268,"max_stake_amount":9859.1268,"amount":0.10084,"open_date":"2025-05-08 01:00:00+00:00","close_date":"2025-05-30 17:00:00+00:00","open_rate":97770.0,"close_rate":103898.75,"fee_open":0.001,"fee_close":0.001,"trade_duration":32640,"profit_ratio":0.06056213654403283,"profit_abs":597.68687325,"exit_reason":"exit_signal","initial_stop_loss_abs":977.7000000000008,"initial_stop_loss_ratio":-0.99,"stop_loss_abs":977.7000000000008,"stop_loss_ratio":-0.99,"min_rate":97600.0,"max_rate":111980.0,"is_open":false,"enter_tag":"","leverage":1.0,"is_short":false,"open_timestamp":1746666000000,"close_timestamp":1748624400000,"orders":[{"amount":0.10084,"safe_price":97770.0,"ft_order_side":"buy","order_filled_timestamp":1746666000000,"ft_is_entry":true,"ft_order_tag":"","cost":9868.985926799998},{"amount":0.10084,"safe_price":103898.75,"ft_order_side":"sell","order_filled_timestamp":1748624400000,"ft_is_entry":false,"ft_order_tag":"exit_signal","cost":10487.627099949998}],"funding_fees":0.0},{"pair":"BTC/USDT","stake_amount":10450.611204,"max_stake_amount":10450.611204,"amount":0.09704,"open_date":"2025-06-29 09:00:00+00:00","close_date":"2025-07-28 18:00:00+00:00","open_rate":107693.85,"close_rate":117667.86,"fee_open":0.001,"fee_close":0.001,"trade_duration":42300,"profit_ratio":0.0904314348554064,"profit_abs":946.00883006,"exit_reason":"exit_signal","initial_stop_loss_abs":1076.938500000001,"initial_stop_loss_ratio":-0.99,"stop_loss_abs":1076.938500000001,"stop_loss_ratio":-0.99,"min_rate":105100.19,"max_rate":123218.0,"is_open":false,"enter_tag":"","leverage":1.0,"is_short":false,"open_timestamp":1751187600000,"close_timestamp":1753725600000,"orders":[{"amount":0.09704,"safe_price":107693.85,"ft_order_side":"buy","order_filled_timestamp":1751187600000,"ft_is_entry":true,"ft_order_tag":"","cost":10461.061815203999},{"amount":0.09704,"safe_price":117667.86,"ft_order_side":"sell","order_filled_timestamp":1753725600000,"ft_is_entry":false,"ft_order_tag":"exit_signal","cost":11429.9076235344}],"funding_fees":0.0},{"pair":"BTC/USDT","stake_amount":11386.7444942,"max_stake_amount":11386.7444942,"amount":0.09754,"open_date":"2025-08-09 06:00:00+00:00","close_date":"2025-08-18 01:00:00+00:00","open_rate":116739.23,"close_rate":117290.2,"fee_open":0.001,"fee_close":0.001,"trade_duration":12660,"profit_ratio":0.0027122326066094347,"profit_abs":30.9143832,"exit_reason":"exit_signal","initial_stop_loss_abs":1167.392300000001,"initial_stop_loss_ratio":-0.99,"stop_loss_abs":1167.392300000001,"stop_loss_ratio":-0.99,"min_rate":116166.03,"max_rate":124474.0,"is_open":false,"enter_tag":"","leverage":1.0,"is_short":false,"open_timestamp":1754719200000,"close_timestamp":1755478800000,"orders":[{"amount":0.09754,"safe_price":116739.23,"ft_order_side":"buy","order_filled_timestamp":1754719200000,"ft_is_entry":true,"ft_order_tag":"","cost":11398.131238694199},{"amount":0.09754,"safe_price":117290.2,"ft_order_side":"sell","order_filled_timestamp":1755478800000,"ft_is_entry":false,"ft_order_tag":"exit_signal","cost":11451.926594107998}],"funding_fees":0.0},{"pair":"BTC/USDT","stake_amount":11417.7870238,"max_stake_amount":11417.7870238,"amount":0.09838,"open_date":"2025-09-15 05:00:00+00:00","close_date":"2025-09-21 17:00:00+00:00","open_rate":116058.01,"close_rate":115316.01,"fee_open":0.001,"fee_close":0.001,"trade_duration":9360,"profit_ratio":-0.008378582558894378,"profit_abs":-95.76053609,"exit_reason":"exit_signal","initial_stop_loss_abs":1160.580100000001,"initial_stop_loss_ratio":-0.99,"stop_loss_abs":1160.580100000001,"stop_loss_ratio":-0.99,"min_rate":114384.0,"max_rate":117900.0,"is_open":false,"enter_tag":"","leverage":1.0,"is_short":false,"open_timestamp":1757912400000,"close_timestamp":1758474000000,"orders":[{"amount":0.09838,"safe_price":116058.01,"ft_order_side":"buy","order_filled_timestamp":1757912400000,"ft_is_entry":true,"ft_order_tag":"","cost":11429.204810823798},{"amount":0.09838,"safe_price":115316.01,"ft_order_side":"sell","order_filled_timestamp":1758474000000,"ft_is_entry":false,"ft_order_tag":"exit_signal","cost":11356.133852863797}],"funding_fees":0.0},{"pair":"BTC/USDT","stake_amount":11323.1710504,"max_stake_amount":11323.1710504,"amount":0.09752,"open_date":"2025-10-01 09:00:00+00:00","close_date":"2025-10-10 00:00:00+00:00","open_rate":116111.27,"close_rate":121662.41,"fee_open":0.001,"fee_close":0.001,"trade_duration":12420,"profit_ratio":0.045715271754198705,"profit_abs":518.15948353,"exit_reason":"force_exit","initial_stop_loss_abs":1161.112700000001,"initial_stop_loss_ratio":-0.99,"stop_loss_abs":1161.112700000001,"stop_loss_ratio":-0.99,"min_rate":115950.0,"max_rate":126199.63,"is_open":false,"enter_tag":"","leverage":1.0,"is_short":false,"open_timestamp":1759309200000,"close_timestamp":1760054400000,"orders":[{"amount":0.09752,"safe_price":116111.27,"ft_order_side":"buy","order_filled_timestamp":1759309200000,"ft_is_entry":true,"ft_order_tag":"","cost":11334.494221450399},{"amount":0.09752,"safe_price":121662.41,"ft_order_side":"sell","order_filled_timestamp":1760054400000,"ft_is_entry":false,"ft_order_tag":"force_exit","cost":11876.3827414232}],"funding_fees":0.0}],"locks":[],"best_pair":{"key":"BTC/USDT","trades":7,"profit_mean":0.027836664503508246,"profit_mean_pct":2.78,"profit_total_abs":1956.07443389,"profit_total":0.195607443389,"profit_total_pct":19.56,"duration_avg":"20 days, 15:26:00","wins":5,"draws":0,"losses":2,"winrate":0.7142857142857143,"cagr":0.2601579223677817,"expectancy":279.4392048414286,"expectancy_ratio":0.5796149091084086,"sortino":0.3430049038476396,"sharpe":0.2252353914949062,"calmar":15.259184275204355,"sqn":1.1634,"profit_factor":3.02865218187943,"max_drawdown_account":0.08684631250000002,"max_drawdown_abs":868.463125},"worst_pair":{"key":"BTC/USDT","trades":7,"profit_mean":0.027836664503508246,"profit_mean_pct":2.78,"profit_total_abs":1956.07443389,"profit_total":0.195607443389,"profit_total_pct":19.56,"duration_avg":"20 days, 15:26:00","wins":5,"draws":0,"losses":2,"winrate":0.7142857142857143,"cagr":0.2601579223677817,"expectancy":279.4392048414286,"expectancy_ratio":0.5796149091084086,"sortino":0.3430049038476396,"sharpe":0.2252353914949062,"calmar":15.259184275204355,"sqn":1.1634,"profit_factor":3.02865218187943,"max_drawdown_account":0.08684631250000002,"max_drawdown_abs":868.463125},"results_per_pair":[{"key":"BTC/USDT","trades":7,"profit_mean":0.027836664503508246,"profit_mean_pct":2.78,"profit_total_abs":1956.07443389,"profit_total":0.195607443389,"profit_total_pct":19.56,"duration_avg":"20 days, 15:26:00","wins":5,"draws":0,"losses":2,"winrate":0.7142857142857143,"cagr":0.2601579223677817,"expectancy":279.4392048414286,"expectancy_ratio":0.5796149091084086,"sortino":0.3430049038476396,"sharpe":0.2252353914949062,"calmar":15.259184275204355,"sqn":1.1634,"profit_factor":3.02865218187943,"max_drawdown_account":0.08684631250000002,"max_drawdown_abs":868.463125},{"key":"TOTAL","trades":7,"profit_mean":0.027836664503508246,"profit_mean_pct":2.78,"profit_total_abs":1956.07443389,"profit_total":0.195607443389,"profit_total_pct":19.56,"duration_avg":"20 days, 15:26:00","wins":5,"draws":0,"losses":2,"winrate":0.7142857142857143,"cagr":0.2601579223677817,"expectancy":279.4392048414286,"expectancy_ratio":0.5796149091084086,"sortino":0.3430049038476396,"sharpe":0.2252353914949062,"calmar":15.259184275204355,"sqn":1.1634,"profit_factor":3.02865218187943,"max_drawdown_account":0.08684631250000002,"max_drawdown_abs":868.463125}],"results_per_enter_tag":[{"key":"","trades":7,"profit_mean":0.027836664503508246,"profit_mean_pct":2.78,"profit_total_abs":1956.07443389,"profit_total":0.195607443389,"profit_total_pct":19.56,"duration_avg":"20 days, 15:26:00","wins":5,"draws":0,"losses":2,"winrate":0.7142857142857143,"cagr":0.2601579223677817,"expectancy":279.4392048414286,"expectancy_ratio":0.5796149091084086,"sortino":0.3430049038476396,"sharpe":0.2252353914949062,"calmar":15.259184275204355,"sqn":1.1634,"profit_factor":3.02865218187943,"max_drawdown_account":0.08684631250000002,"max_drawdown_abs":868.463125},{"key":"TOTAL","trades":7,"profit_mean":0.027836664503508246,"profit_mean_pct":2.78,"profit_total_abs":1956.07443389,"profit_total":0.195607443389,"profit_total_pct":19.56,"duration_avg":"20 days, 15:26:00","wins":5,"draws":0,"losses":2,"winrate":0.7142857142857143,"cagr":0.2601579223677817,"expectancy":279.4392048414286,"expectancy_ratio":0.5796149091084086,"sortino":0.3430049038476396,"sharpe":0.2252353914949062,"calmar":15.259184275204355,"sqn":1.1634,"profit_factor":3.02865218187943,"max_drawdown_account":0.08684631250000002,"max_drawdown_abs":868.463125}],"exit_reason_summary":[{"key":"exit_signal","trades":6,"profit_mean":0.02485689662839317,"profit_mean_pct":2.49,"profit_total_abs":1437.91495036,"profit_total":0.143791495036,"profit_total_pct":14.38,"duration_avg":"22 days, 15:30:00","wins":4,"draws":0,"losses":2,"winrate":0.6666666666666666,"cagr":0.18992578559890672,"expectancy":239.65249172666665,"expectancy_ratio":0.4970890082820685,"sortino":0.25214371740878805,"sharpe":0.155436199538266,"calmar":11.217062510233923,"sqn":0.855,"profit_factor":2.4912670248462057,"max_drawdown_account":0.08684631250000002,"max_drawdown_abs":868.463125},{"key":"force_exit","trades":1,"profit_mean":0.045715271754198705,"profit_mean_pct":4.57,"profit_total_abs":518.15948353,"profit_total":0.051815948353,"profit_total_pct":5.18,"duration_avg":"8 days, 15:00:00","wins":1,"draws":0,"losses":0,"winrate":1.0,"cagr":0.0675720528853887,"expectancy":518.15948353,"expectancy_ratio":100.0,"sortino":-100,"sharpe":-100,"calmar":-100,"sqn":-100.0,"profit_factor":0.0,"max_drawdown_account":0.0,"max_drawdown_abs":0.0},{"key":"TOTAL","trades":7,"profit_mean":0.027836664503508246,"profit_mean_pct":2.78,"profit_total_abs":1956.07443389,"profit_total":0.195607443389,"profit_total_pct":19.56,"duration_avg":"20 days, 15:26:00","wins":5,"draws":0,"losses":2,"winrate":0.7142857142857143,"cagr":0.2601579223677817,"expectancy":279.4392048414286,"expectancy_ratio":0.5796149091084086,"sortino":0.3430049038476396,"sharpe":0.2252353914949062,"calmar":15.259184275204355,"sqn":1.1634,"profit_factor":3.02865218187943,"max_drawdown_account":0.08684631250000002,"max_drawdown_abs":868.463125}],"mix_tag_stats":[{"key":["","exit_signal"],"trades":6,"profit_mean":0.02485689662839317,"profit_mean_pct":2.49,"profit_total_abs":1437.91495036,"profit_total":0.143791495036,"profit_total_pct":14.38,"duration_avg":"22 days, 15:30:00","wins":4,"draws":0,"losses":2,"winrate":0.6666666666666666,"cagr":0.18992578559890672,"expectancy":239.65249172666665,"expectancy_ratio":0.4970890082820685,"sortino":0.25214371740878805,"sharpe":0.155436199538266,"calmar":11.217062510233923,"sqn":0.855,"profit_factor":2.4912670248462057,"max_drawdown_account":0.08684631250000002,"max_drawdown_abs":868.463125},{"key":["","force_exit"],"trades":1,"profit_mean":0.045715271754198705,"profit_mean_pct":4.57,"profit_total_abs":518.15948353,"profit_total":0.051815948353,"profit_total_pct":5.18,"duration_avg":"8 days, 15:00:00","wins":1,"draws":0,"losses":0,"winrate":1.0,"cagr":0.0675720528853887,"expectancy":518.15948353,"expectancy_ratio":100.0,"sortino":-100,"sharpe":-100,"calmar":-100,"sqn":-100.0,"profit_factor":0.0,"max_drawdown_account":0.0,"max_drawdown_abs":0.0},{"key":"TOTAL","trades":7,"profit_mean":0.027836664503508246,"profit_mean_pct":2.78,"profit_total_abs":1956.07443389,"profit_total":0.195607443389,"profit_total_pct":19.56,"duration_avg":"20 days, 15:26:00","wins":5,"draws":0,"losses":2,"winrate":0.7142857142857143,"cagr":0.2601579223677817,"expectancy":279.4392048414286,"expectancy_ratio":0.5796149091084086,"sortino":0.3430049038476396,"sharpe":0.2252353914949062,"calmar":15.259184275204355,"sqn":1.1634,"profit_factor":3.02865218187943,"max_drawdown_account":0.08684631250000002,"max_drawdown_abs":868.463125}],"left_open_trades":[{"key":"BTC/USDT","trades":1,"profit_mean":0.045715271754198705,"profit_mean_pct":4.57,"profit_total_abs":518.15948353,"profit_total":0.051815948353,"profit_total_pct":5.18,"duration_avg":"8 days, 15:00:00","wins":1,"draws":0,"losses":0,"winrate":1.0,"cagr":0.0675720528853887,"expectancy":518.15948353,"expectancy_ratio":100.0,"sortino":-100,"sharpe":-100,"calmar":-100,"sqn":-100.0,"profit_factor":0.0,"max_drawdown_account":0.0,"max_drawdown_abs":0.0},{"key":"TOTAL","trades":1,"profit_mean":0.045715271754198705,"profit_mean_pct":4.57,"profit_total_abs":518.15948353,"profit_total":0.051815948353,"profit_total_pct":5.18,"duration_avg":"8 days, 15:00:00","wins":1,"draws":0,"losses":0,"winrate":1.0,"cagr":0.0675720528853887,"expectancy":518.15948353,"expectancy_ratio":100.0,"sortino":-100,"sharpe":-100,"calmar":-100,"sqn":-100.0,"profit_factor":0.0,"max_drawdown_account":0.0,"max_drawdown_abs":0.0}],"total_trades":7,"trade_count_long":7,"trade_count_short":0,"total_volume":149006.39004831578,"avg_stake_amount":10482.328610671431,"profit_mean":0.027836664503508246,"profit_median":0.045715271754198705,"profit_total":0.195607443389,"profit_total_long":0.195607443389,"profit_total_short":0.0,"profit_total_abs":1956.07443389,"profit_total_long_abs":1956.07443389,"profit_total_short_abs":0.0,"cagr":0.2601579223677817,"expectancy":279.4392048414286,"expectancy_ratio":0.5796149091084086,"sortino":0.3430049038476396,"sharpe":0.2252353914949062,"calmar":15.259184275204355,"sqn":1.1634,"profit_factor":3.02865218187943,"backtest_start":"2025-01-01 00:00:00","backtest_start_ts":1735689600000,"backtest_end":"2025-10-10 00:00:00","backtest_end_ts":1760054400000,"backtest_days":282,"backtest_run_start_ts":1760842647,"backtest_run_end_ts":1760842652,"trades_per_day":0.02,"market_change":0.28965889606841616,"pairlist":["BTC/USDT"],"stake_amount":"unlimited","stake_currency":"USDT","stake_currency_decimals":3,"starting_balance":10000,"dry_run_wallet":10000,"final_balance":11956.07443389,"rejected_signals":0,"timedout_entry_orders":0,"timedout_exit_orders":0,"canceled_trade_entries":0,"canceled_entry_orders":0,"replaced_entry_orders":0,"max_open_trades":1,"max_open_trades_setting":1,"timeframe":"1h","timeframe_detail":"","timerange":"20250101-20251010","enable_protections":false,"strategy_name":"TrendlineBreakoutStrategy","freqaimodel":null,"freqai_identifier":null,"stoploss":-0.99,"trailing_stop":false,"trailing_stop_positive":0.0,"trailing_stop_positive_offset":0.0,"trailing_only_offset_is_reached":false,"use_custom_stoploss":true,"minimal_roi":{"0":100},"use_exit_signal":true,"exit_profit_only":false,"exit_profit_offset":0.0,"ignore_roi_if_entry_signal":false,"trading_mode":"spot","margin_mode":"","periodic_breakdown":{"day":[{"date":"09/02/2025","date_ts":1739059200000,"profit_abs":-868.463125,"wins":0,"draws":0,"losses":1,"trades":1,"profit_factor":0.0},{"date":"10/02/2025","date_ts":1739145600000,"profit_abs":0.0,"wins":0,"draws":0,"losses":0,"trades":0,"profit_factor":0.0},{"date":"11/02/2025","date_ts":1739232000000,"profit_abs":0.0,"wins":0,"draws":0,"losses":0,"trades":0,"profit_factor":0.0},{"date":"12/02/2025","date_ts":1739318400000,"profit_abs":0.0,"wins":0,"draws":0,"losses":0,"trades":0,"profit_factor":0.0},{"date":"13/02/2025","date_ts":1739404800000,"profit_abs":0.0,"wins":0,"draws":0,"losses":0,"trades":0,"profit_factor":0.0},{"date":"14/02/2025","date_ts":1739491200000,"profit_abs":0.0,"wins":0,"draws":0,"losses":0,"trades":0,"profit_factor":0.0},{"date":"15/02/2025","date_ts":1739577600000,"profit_abs":0.0,"wins":0,"draws":0,"losses":0,"trades":0,"profit_factor":0.0},{"date":"16/02/2025","date_ts":1739664000000,"profit_abs":0.0,"wins":0,"draws":0,"losses":0,"trades":0,"profit_factor":0.0},{"date":"17/02/2025","date_ts":1739750400000,"profit_abs":0.0,"wins":0,"draws":0,"losses":0,"trades":0,"profit_factor":0.0},{"date":"18/02/2025","date_ts":1739836800000,"profit_abs":0.0,"wins":0,"draws":0,"losses":0,"trades":0,"profit_factor":0.0},{"date":"19/02/2025","date_ts":1739923200000,"profit_abs":0.0,"wins":0,"draws":0,"losses":0,"trades":0,"profit_factor":0.0},{"date":"20/02/2025","date_ts":1740009600000,"profit_abs":0.0,"wins":0,"draws":0,"losses":0,"trades":0,"profit_factor":0.0},{"date":"21/02/2025","date_ts":1740096000000,"profit_abs":0.0,"wins":0,"draws":0,"losses":0,"trades":0,"profit_factor":0.0},{"date":"22/02/2025","date_ts":1740182400000,"profit_abs":0.0,"wins":0,"draws":0,"losses":0,"trades":0,"profit_factor":0.0},{"date":"23/02/2025","date_ts":1740268800000,"profit_abs":0.0,"wins":0,"draws":0,"losses":0,"trades":0,"profit_factor":0.0},{"date":"24/02/2025","date_ts":1740355200000,"profit_abs":0.0,"wins":0,"draws":0,"losses":0,"trades":0,"profit_factor":0.0},{"date":"25/02/2025","date_ts":1740441600000,"profit_abs":0.0,"wins":0,"draws":0,"losses":0,"trades":0,"profit_factor":0.0},{"date":"26/02/2025","date_ts":1740528000000,"profit_abs":0.0,"wins":0,"draws":0,"losses":0,"trades":0,"profit_factor":0.0},{"date":"27/02/2025","date_ts":1740614400000,"profit_abs":0.0,"wins":0,"draws":0,"losses":0,"trades":0,"profit_factor":0.0},{"date":"28/02/2025","date_ts":1740700800000,"profit_abs":0.0,"wins":0,"draws":0,"losses":0,"trades":0,"profit_factor":0.0},{"date":"01/03/2025","date_ts":1740787200000,"profit_abs":0.0,"wins":0,"draws":0,"losses":0,"trades":0,"profit_factor":0.0},{"date":"02/03/2025","date_ts":1740873600000,"profit_abs":0.0,"wins":0,"draws":0,"losses":0,"trades":0,"profit_factor":0.0},{"date":"03/03/2025","date_ts":1740960000000,"profit_abs":0.0,"wins":0,"draws":0,"losses":0,"trades":0,"profit_factor":0.0},{"date":"04/03/2025","date_ts":1741046400000,"profit_abs":0.0,"wins":0,"draws":0,"losses":0,"trades":0,"profit_factor":0.0},{"date":"05/03/2025","date_ts":1741132800000,"profit_abs":0.0,"wins":0,"draws":0,"losses":0,"trades":0,"profit_factor":0.0},{"date":"06/03/2025","date_ts":1741219200000,"profit_abs":0.0,"wins":0,"draws":0,"losses":0,"trades":0,"profit_factor":0.0},{"date":"07/03/2025","date_ts":1741305600000,"profit_abs":0.0,"wins":0,"draws":0,"losses":0,"trades":0,"profit_factor":0.0},{"date":"08/03/2025","date_ts":1741392000000,"profit_abs":0.0,"wins":0,"draws":0,"losses":0,"trades":0,"profit_factor":0.0},{"date":"09/03/2025","date_ts":1741478400000,"profit_abs":0.0,"wins":0,"draws":0,"losses":0,"trades":0,"profit_factor":0.0},{"date":"10/03/2025","date_ts":1741564800000,"profit_abs":0.0,"wins":0,"draws":0,"losses":0,"trades":0,"profit_factor":0.0},{"date":"11/03/2025","date_ts":1741651200000,"profit_abs":0.0,"wins":0,"draws":0,"losses":0,"trades":0,"profit_factor":0.0},{"date":"12/03/2025","date_ts":1741737600000,"profit_abs":0.0,"wins":0,"draws":0,"losses":0,"trades":0,"profit_factor":0.0},{"date":"13/03/2025","date_ts":1741824000000,"profit_abs":0.0,"wins":0,"draws":0,"losses":0,"trades":0,"profit_factor":0.0},{"date":"14/03/2025","date_ts":1741910400000,"profit_abs":0.0,"wins":0,"draws":0,"losses":0,"trades":0,"profit_factor":0.0},{"date":"15/03/2025","date_ts":1741996800000,"profit_abs":0.0,"wins":0,"draws":0,"losses":0,"trades":0,"profit_factor":0.0},{"date":"16/03/2025","date_ts":1742083200000,"profit_abs":0.0,"wins":0,"draws":0,"losses":0,"trades":0,"profit_factor":0.0},{"date":"17/03/2025","date_ts":1742169600000,"profit_abs":0.0,"wins":0,"draws":0,"losses":0,"trades":0,"profit_factor":0.0},{"date":"18/03/2025","date_ts":1742256000000,"profit_abs":0.0,"wins":0,"draws":0,"losses":0,"trades":0,"profit_factor":0.0},{"date":"19/03/2025","date_ts":1742342400000,"profit_abs":0.0,"wins":0,"draws":0,"losses":0,"trades":0,"profit_factor":0.0},{"date":"20/03/2025","date_ts":1742428800000,"profit_abs":0.0,"wins":0,"draws":0,"losses":0,"trades":0,"profit_factor":0.0},{"date":"21/03/2025","date_ts":1742515200000,"profit_abs":0.0,"wins":0,"draws":0,"losses":0,"trades":0,"profit_factor":0.0},{"date":"22/03/2025","date_ts":1742601600000,"profit_abs":0.0,"wins":0,"draws":0,"losses":0,"trades":0,"profit_factor":0.0},{"date":"23/03/2025","date_ts":1742688000000,"profit_abs":0.0,"wins":0,"draws":0,"losses":0,"trades":0,"profit_factor":0.0},{"date":"24/03/2025","date_ts":1742774400000,"profit_abs":0.0,"wins":0,"draws":0,"losses":0,"trades":0,"profit_factor":0.0},{"date":"25/03/2025","date_ts":1742860800000,"profit_abs":0.0,"wins":0,"draws":0,"losses":0,"trades":0,"profit_factor":0.0},{"date":"26/03/2025","date_ts":1742947200000,"profit_abs":0.0,"wins":0,"draws":0,"losses":0,"trades":0,"profit_factor":0.0},{"date":"27/03/2025","date_ts":1743033600000,"profit_abs":0.0,"wins":0,"draws":0,"losses":0,"trades":0,"profit_factor":0.0},{"date":"28/03/2025","date_ts":1743120000000,"profit_abs":0.0,"wins":0,"draws":0,"losses":0,"trades":0,"profit_factor":0.0},{"date":"29/03/2025","date_ts":1743206400000,"profit_abs":0.0,"wins":0,"draws":0,"losses":0,"trades":0,"profit_factor":0.0},{"date":"30/03/2025","date_ts":1743292800000,"profit_abs":0.0,"wins":0,"draws":0,"losses":0,"trades":0,"profit_factor":0.0},{"date":"31/03/2025","date_ts":1743379200000,"profit_abs":0.0,"wins":0,"draws":0,"losses":0,"trades":0,"profit_factor":0.0},{"date":"01/04/2025","date_ts":1743465600000,"profit_abs":0.0,"wins":0,"draws":0,"losses":0,"trades":0,"profit_factor":0.0},{"date":"02/04/2025","date_ts":1743552000000,"profit_abs":0.0,"wins":0,"draws":0,"losses":0,"trades":0,"profit_factor":0.0},{"date":"03/04/2025","date_ts":1743638400000,"profit_abs":0.0,"wins":0,"draws":0,"losses":0,"trades":0,"profit_factor":0.0},{"date":"04/04/2025","date_ts":1743724800000,"profit_abs":0.0,"wins":0,"draws":0,"losses":0,"trades":0,"profit_factor":0.0},{"date":"05/04/2025","date_ts":1743811200000,"profit_abs":0.0,"wins":0,"draws":0,"losses":0,"trades":0,"profit_factor":0.0},{"date":"06/04/2025","date_ts":1743897600000,"profit_abs":0.0,"wins":0,"draws":0,"losses":0,"trades":0,"profit_factor":0.0},{"date":"07/04/2025","date_ts":1743984000000,"profit_abs":0.0,"wins":0,"draws":0,"losses":0,"trades":0,"profit_factor":0.0},{"date":"08/04/2025","date_ts":1744070400000,"profit_abs":0.0,"wins":0,"draws":0,"losses":0,"trades":0,"profit_factor":0.0},{"date":"09/04/2025","date_ts":1744156800000,"profit_abs":0.0,"wins":0,"draws":0,"losses":0,"trades":0,"profit_factor":0.0},{"date":"10/04/2025","date_ts":1744243200000,"profit_abs":0.0,"wins":0,"draws":0,"losses":0,"trades":0,"profit_factor":0.0},{"date":"11/04/2025","date_ts":1744329600000,"profit_abs":0.0,"wins":0,"draws":0,"losses":0,"trades":0,"profit_factor":0.0},{"date":"12/04/2025","date_ts":1744416000000,"profit_abs":0.0,"wins":0,"draws":0,"losses":0,"trades":0,"profit_factor":0.0},{"date":"13/04/2025","date_ts":1744502400000,"profit_abs":0.0,"wins":0,"draws":0,"losses":0,"trades":0,"profit_factor":0.0},{"date":"14/04/2025","date_ts":1744588800000,"profit_abs":0.0,"wins":0,"draws":0,"losses":0,"trades":0,"profit_factor":0.0},{"date":"15/04/2025","date_ts":1744675200000,"profit_abs":0.0,"wins":0,"draws":0,"losses":0,"trades":0,"profit_factor":0.0},{"date":"16/04/2025","date_ts":1744761600000,"profit_abs":0.0,"wins":0,"draws":0,"losses":0,"trades":0,"profit_factor":0.0},{"date":"17/04/2025","date_ts":1744848000000,"profit_abs":0.0,"wins":0,"draws":0,"losses":0,"trades":0,"profit_factor":0.0},{"date":"18/04/2025","date_ts":1744934400000,"profit_abs":0.0,"wins":0,"draws":0,"losses":0,"trades":0,"profit_factor":0.0},{"date":"19/04/2025","date_ts":1745020800000,"profit_abs":0.0,"wins":0,"draws":0,"losses":0,"trades":0,"profit_factor":0.0},{"date":"20/04/2025","date_ts":1745107200000,"profit_abs":0.0,"wins":0,"draws":0,"losses":0,"trades":0,"profit_factor":0.0},{"date":"21/04/2025","date_ts":1745193600000,"profit_abs":0.0,"wins":0,"draws":0,"losses":0,"trades":0,"profit_factor":0.0},{"date":"22/04/2025","date_ts":1745280000000,"profit_abs":0.0,"wins":0,"draws":0,"losses":0,"trades":0,"profit_factor":0.0},{"date":"23/04/2025","date_ts":1745366400000,"profit_abs":0.0,"wins":0,"draws":0,"losses":0,"trades":0,"profit_factor":0.0},{"date":"24/04/2025","date_ts":1745452800000,"profit_abs":0.0,"wins":0,"draws":0,"losses":0,"trades":0,"profit_factor":0.0},{"date":"25/04/2025","date_ts":1745539200000,"profit_abs":0.0,"wins":0,"draws":0,"losses":0,"trades":0,"profit_factor":0.0},{"date":"26/04/2025","date_ts":1745625600000,"profit_abs":0.0,"wins":0,"draws":0,"losses":0,"trades":0,"profit_factor":0.0},{"date":"27/04/2025","date_ts":1745712000000,"profit_abs":0.0,"wins":0,"draws":0,"losses":0,"trades":0,"profit_factor":0.0},{"date":"28/04/2025","date_ts":1745798400000,"profit_abs":0.0,"wins":0,"draws":0,"losses":0,"trades":0,"profit_factor":0.0},{"date":"29/04/2025","date_ts":1745884800000,"profit_abs":0.0,"wins":0,"draws":0,"losses":0,"trades":0,"profit_factor":0.0},{"date":"30/04/2025","date_ts":1745971200000,"profit_abs":0.0,"wins":0,"draws":0,"losses":0,"trades":0,"profit_factor":0.0},{"date":"01/05/2025","date_ts":1746057600000,"profit_abs":0.0,"wins":0,"draws":0,"losses":0,"trades":0,"profit_factor":0.0},{"date":"02/05/2025","date_ts":1746144000000,"profit_abs":0.0,"wins":0,"draws":0,"losses":0,"trades":0,"profit_factor":0.0},{"date":"03/05/2025","date_ts":1746230400000,"profit_abs":0.0,"wins":0,"draws":0,"losses":0,"trades":0,"profit_factor":0.0},{"date":"04/05/2025","date_ts":1746316800000,"profit_abs":0.0,"wins":0,"draws":0,"losses":0,"trades":0,"profit_factor":0.0},{"date":"05/05/2025","date_ts":1746403200000,"profit_abs":0.0,"wins":0,"draws":0,"losses":0,"trades":0,"profit_factor":0.0},{"date":"06/05/2025","date_ts":1746489600000,"profit_abs":827.52852494,"wins":1,"draws":0,"losses":0,"trades":1,"profit_factor":0.0},{"date":"07/05/2025","date_ts":1746576000000,"profit_abs":0.0,"wins":0,"draws":0,"losses":0,"trades":0,"profit_factor":0.0},{"date":"08/05/2025","date_ts":1746662400000,"profit_abs":0.0,"wins":0,"draws":0,"losses":0,"trades":0,"profit_factor":0.0},{"date":"09/05/2025","date_ts":1746748800000,"profit_abs":0.0,"wins":0,"draws":0,"losses":0,"trades":0,"profit_factor":0.0},{"date":"10/05/2025","date_ts":1746835200000,"profit_abs":0.0,"wins":0,"draws":0,"losses":0,"trades":0,"profit_factor":0.0},{"date":"11/05/2025","date_ts":1746921600000,"profit_abs":0.0,"wins":0,"draws":0,"losses":0,"trades":0,"profit_factor":0.0},{"date":"12/05/2025","date_ts":1747008000000,"profit_abs":0.0,"wins":0,"draws":0,"losses":0,"trades":0,"profit_factor":0.0},{"date":"13/05/2025","date_ts":1747094400000,"profit_abs":0.0,"wins":0,"draws":0,"losses":0,"trades":0,"profit_factor":0.0},{"date":"14/05/2025","date_ts":1747180800000,"profit_abs":0.0,"wins":0,"draws":0,"losses":0,"trades":0,"profit_factor":0.0},{"date":"15/05/2025","date_ts":1747267200000,"profit_abs":0.0,"wins":0,"draws":0,"losses":0,"trades":0,"profit_factor":0.0},{"date":"16/05/2025","date_ts":1747353600000,"profit_abs":0.0,"wins":0,"draws":0,"losses":0,"trades":0,"profit_factor":0.0},{"date":"17/05/2025","date_ts":1747440000000,"profit_abs":0.0,"wins":0,"draws":0,"losses":0,"trades":0,"profit_factor":0.0},{"date":"18/05/2025","date_ts":1747526400000,"profit_abs":0.0,"wins":0,"draws":0,"losses":0,"trades":0,"profit_factor":0.0},{"date":"19/05/2025","date_ts":1747612800000,"profit_abs":0.0,"wins":0,"draws":0,"losses":0,"trades":0,"profit_factor":0.0},{"date":"20/05/2025","date_ts":1747699200000,"profit_abs":0.0,"wins":0,"draws":0,"losses":0,"trades":0,"profit_factor":0.0},{"date":"21/05/2025","date_ts":1747785600000,"profit_abs":0.0,"wins":0,"draws":0,"losses":0,"trades":0,"profit_factor":0.0},{"date":"22/05/2025","date_ts":1747872000000,"profit_abs":0.0,"wins":0,"draws":0,"losses":0,"trades":0,"profit_factor":0.0},{"date":"23/05/2025","date_ts":1747958400000,"profit_abs":0.0,"wins":0,"draws":0,"losses":0,"trades":0,"profit_factor":0.0},{"date":"24/05/2025","date_ts":1748044800000,"profit_abs":0.0,"wins":0,"draws":0,"losses":0,"trades":0,"profit_factor":0.0},{"date":"25/05/2025","date_ts":1748131200000,"profit_abs":0.0,"wins":0,"draws":0,"losses":0,"trades":0,"profit_factor":0.0},{"date":"26/05/2025","date_ts":1748217600000,"profit_abs":0.0,"wins":0,"draws":0,"losses":0,"trades":0,"profit_factor":0.0},{"date":"27/05/2025","date_ts":1748304000000,"profit_abs":0.0,"wins":0,"draws":0,"losses":0,"trades":0,"profit_factor":0.0},{"date":"28/05/2025","date_ts":1748390400000,"profit_abs":0.0,"wins":0,"draws":0,"losses":0,"trades":0,"profit_factor":0.0},{"date":"29/05/2025","date_ts":1748476800000,"profit_abs":0.0,"wins":0,"draws":0,"losses":0,"trades":0,"profit_factor":0.0},{"date":"30/05/2025","date_ts":1748563200000,"profit_abs":597.68687325,"wins":1,"draws":0,"losses":0,"trades":1,"profit_factor":0.0},{"date":"31/05/2025","date_ts":1748649600000,"profit_abs":0.0,"wins":0,"draws":0,"losses":0,"trades":0,"profit_factor":0.0},{"date":"01/06/2025","date_ts":1748736000000,"profit_abs":0.0,"wins":0,"draws":0,"losses":0,"trades":0,"profit_factor":0.0},{"date":"02/06/2025","date_ts":1748822400000,"profit_abs":0.0,"wins":0,"draws":0,"losses":0,"trades":0,"profit_factor":0.0},{"date":"03/06/2025","date_ts":1748908800000,"profit_abs":0.0,"wins":0,"draws":0,"losses":0,"trades":0,"profit_factor":0.0},{"date":"04/06/2025","date_ts":1748995200000,"profit_abs":0.0,"wins":0,"draws":0,"losses":0,"trades":0,"profit_factor":0.0},{"date":"05/06/2025","date_ts":1749081600000,"profit_abs":0.0,"wins":0,"draws":0,"losses":0,"trades":0,"profit_factor":0.0},{"date":"06/06/2025","date_ts":1749168000000,"profit_abs":0.0,"wins":0,"draws":0,"losses":0,"trades":0,"profit_factor":0.0},{"date":"07/06/2025","date_ts":1749254400000,"profit_abs":0.0,"wins":0,"draws":0,"losses":0,"trades":0,"profit_factor":0.0},{"date":"08/06/2025","date_ts":1749340800000,"profit_abs":0.0,"wins":0,"draws":0,"losses":0,"trades":0,"profit_factor":0.0},{"date":"09/06/2025","date_ts":1749427200000,"profit_abs":0.0,"wins":0,"draws":0,"losses":0,"trades":0,"profit_factor":0.0},{"date":"10/06/2025","date_ts":1749513600000,"profit_abs":0.0,"wins":0,"draws":0,"losses":0,"trades":0,"profit_factor":0.0},{"date":"11/06/2025","date_ts":1749600000000,"profit_abs":0.0,"wins":0,"draws":0,"losses":0,"trades":0,"profit_factor":0.0},{"date":"12/06/2025","date_ts":1749686400000,"profit_abs":0.0,"wins":0,"draws":0,"losses":0,"trades":0,"profit_factor":0.0},{"date":"13/06/2025","date_ts":1749772800000,"profit_abs":0.0,"wins":0,"draws":0,"losses":0,"trades":0,"profit_factor":0.0},{"date":"14/06/2025","date_ts":1749859200000,"profit_abs":0.0,"wins":0,"draws":0,"losses":0,"trades":0,"profit_factor":0.0},{"date":"15/06/2025","date_ts":1749945600000,"profit_abs":0.0,"wins":0,"draws":0,"losses":0,"trades":0,"profit_factor":0.0},{"date":"16/06/2025","date_ts":1750032000000,"profit_abs":0.0,"wins":0,"draws":0,"losses":0,"trades":0,"profit_factor":0.0},{"date":"17/06/2025","date_ts":1750118400000,"profit_abs":0.0,"wins":0,"draws":0,"losses":0,"trades":0,"profit_factor":0.0},{"date":"18/06/2025","date_ts":1750204800000,"profit_abs":0.0,"wins":0,"draws":0,"losses":0,"trades":0,"profit_factor":0.0},{"date":"19/06/2025","date_ts":1750291200000,"profit_abs":0.0,"wins":0,"draws":0,"losses":0,"trades":0,"profit_factor":0.0},{"date":"20/06/2025","date_ts":1750377600000,"profit_abs":0.0,"wins":0,"draws":0,"losses":0,"trades":0,"profit_factor":0.0},{"date":"21/06/2025","date_ts":1750464000000,"profit_abs":0.0,"wins":0,"draws":0,"losses":0,"trades":0,"profit_factor":0.0},{"date":"22/06/2025","date_ts":1750550400000,"profit_abs":0.0,"wins":0,"draws":0,"losses":0,"trades":0,"profit_factor":0.0},{"date":"23/06/2025","date_ts":1750636800000,"profit_abs":0.0,"wins":0,"draws":0,"losses":0,"trades":0,"profit_factor":0.0},{"date":"24/06/2025","date_ts":1750723200000,"profit_abs":0.0,"wins":0,"draws":0,"losses":0,"trades":0,"profit_factor":0.0},{"date":"25/06/2025","date_ts":1750809600000,"profit_abs":0.0,"wins":0,"draws":0,"losses":0,"trades":0,"profit_factor":0.0},{"date":"26/06/2025","date_ts":1750896000000,"profit_abs":0.0,"wins":0,"draws":0,"losses":0,"trades":0,"profit_factor":0.0},{"date":"27/06/2025","date_ts":1750982400000,"profit_abs":0.0,"wins":0,"draws":0,"losses":0,"trades":0,"profit_factor":0.0},{"date":"28/06/2025","date_ts":1751068800000,"profit_abs":0.0,"wins":0,"draws":0,"losses":0,"trades":0,"profit_factor":0.0},{"date":"29/06/2025","date_ts":1751155200000,"profit_abs":0.0,"wins":0,"draws":0,"losses":0,"trades":0,"profit_factor":0.0},{"date":"30/06/2025","date_ts":1751241600000,"profit_abs":0.0,"wins":0,"draws":0,"losses":0,"trades":0,"profit_factor":0.0},{"date":"01/07/2025","date_ts":1751328000000,"profit_abs":0.0,"wins":0,"draws":0,"losses":0,"trades":0,"profit_factor":0.0},{"date":"02/07/2025","date_ts":1751414400000,"profit_abs":0.0,"wins":0,"draws":0,"losses":0,"trades":0,"profit_factor":0.0},{"date":"03/07/2025","date_ts":1751500800000,"profit_abs":0.0,"wins":0,"draws":0,"losses":0,"trades":0,"profit_factor":0.0},{"date":"04/07/2025","date_ts":1751587200000,"profit_abs":0.0,"wins":0,"draws":0,"losses":0,"trades":0,"profit_factor":0.0},{"date":"05/07/2025","date_ts":1751673600000,"profit_abs":0.0,"wins":0,"draws":0,"losses":0,"trades":0,"profit_factor":0.0},{"date":"06/07/2025","date_ts":1751760000000,"profit_abs":0.0,"wins":0,"draws":0,"losses":0,"trades":0,"profit_factor":0.0},{"date":"07/07/2025","date_ts":1751846400000,"profit_abs":0.0,"wins":0,"draws":0,"losses":0,"trades":0,"profit_factor":0.0},{"date":"08/07/2025","date_ts":1751932800000,"profit_abs":0.0,"wins":0,"draws":0,"losses":0,"trades":0,"profit_factor":0.0},{"date":"09/07/2025","date_ts":1752019200000,"profit_abs":0.0,"wins":0,"draws":0,"losses":0,"trades":0,"profit_factor":0.0},{"date":"10/07/2025","date_ts":1752105600000,"profit_abs":0.0,"wins":0,"draws":0,"losses":0,"trades":0,"profit_factor":0.0},{"date":"11/07/2025","date_ts":1752192000000,"profit_abs":0.0,"wins":0,"draws":0,"losses":0,"trades":0,"profit_factor":0.0},{"date":"12/07/2025","date_ts":1752278400000,"profit_abs":0.0,"wins":0,"draws":0,"losses":0,"trades":0,"profit_factor":0.0},{"date":"13/07/2025","date_ts":1752364800000,"profit_abs":0.0,"wins":0,"draws":0,"losses":0,"trades":0,"profit_factor":0.0},{"date":"14/07/2025","date_ts":1752451200000,"profit_abs":0.0,"wins":0,"draws":0,"losses":0,"trades":0,"profit_factor":0.0},{"date":"15/07/2025","date_ts":1752537600000,"profit_abs":0.0,"wins":0,"draws":0,"losses":0,"trades":0,"profit_factor":0.0},{"date":"16/07/2025","date_ts":1752624000000,"profit_abs":0.0,"wins":0,"draws":0,"losses":0,"trades":0,"profit_factor":0.0},{"date":"17/07/2025","date_ts":1752710400000,"profit_abs":0.0,"wins":0,"draws":0,"losses":0,"trades":0,"profit_factor":0.0},{"date":"18/07/2025","date_ts":1752796800000,"profit_abs":0.0,"wins":0,"draws":0,"losses":0,"trades":0,"profit_factor":0.0},{"date":"19/07/2025","date_ts":1752883200000,"profit_abs":0.0,"wins":0,"draws":0,"losses":0,"trades":0,"profit_factor":0.0},{"date":"20/07/2025","date_ts":1752969600000,"profit_abs":0.0,"wins":0,"draws":0,"losses":0,"trades":0,"profit_factor":0.0},{"date":"21/07/2025","date_ts":1753056000000,"profit_abs":0.0,"wins":0,"draws":0,"losses":0,"trades":0,"profit_factor":0.0},{"date":"22/07/2025","date_ts":1753142400000,"profit_abs":0.0,"wins":0,"draws":0,"losses":0,"trades":0,"profit_factor":0.0},{"date":"23/07/2025","date_ts":1753228800000,"profit_abs":0.0,"wins":0,"draws":0,"losses":0,"trades":0,"profit_factor":0.0},{"date":"24/07/2025","date_ts":1753315200000,"profit_abs":0.0,"wins":0,"draws":0,"losses":0,"trades":0,"profit_factor":0.0},{"date":"25/07/2025","date_ts":1753401600000,"profit_abs":0.0,"wins":0,"draws":0,"losses":0,"trades":0,"profit_factor":0.0},{"date":"26/07/2025","date_ts":1753488000000,"profit_abs":0.0,"wins":0,"draws":0,"losses":0,"trades":0,"profit_factor":0.0},{"date":"27/07/2025","date_ts":1753574400000,"profit_abs":0.0,"wins":0,"draws":0,"losses":0,"trades":0,"profit_factor":0.0},{"date":"28/07/2025","date_ts":1753660800000,"profit_abs":946.00883006,"wins":1,"draws":0,"losses":0,"trades":1,"profit_factor":0.0},{"date":"29/07/2025","date_ts":1753747200000,"profit_abs":0.0,"wins":0,"draws":0,"losses":0,"trades":0,"profit_factor":0.0},{"date":"30/07/2025","date_ts":1753833600000,"profit_abs":0.0,"wins":0,"draws":0,"losses":0,"trades":0,"profit_factor":0.0},{"date":"31/07/2025","date_ts":1753920000000,"profit_abs":0.0,"wins":0,"draws":0,"losses":0,"trades":0,"profit_factor":0.0},{"date":"01/08/2025","date_ts":1754006400000,"profit_abs":0.0,"wins":0,"draws":0,"losses":0,"trades":0,"profit_factor":0.0},{"date":"02/08/2025","date_ts":1754092800000,"profit_abs":0.0,"wins":0,"draws":0,"losses":0,"trades":0,"profit_factor":0.0},{"date":"03/08/2025","date_ts":1754179200000,"profit_abs":0.0,"wins":0,"draws":0,"losses":0,"trades":0,"profit_factor":0.0},{"date":"04/08/2025","date_ts":1754265600000,"profit_abs":0.0,"wins":0,"draws":0,"losses":0,"trades":0,"profit_factor":0.0},{"date":"05/08/2025","date_ts":1754352000000,"profit_abs":0.0,"wins":0,"draws":0,"losses":0,"trades":0,"profit_factor":0.0},{"date":"06/08/2025","date_ts":1754438400000,"profit_abs":0.0,"wins":0,"draws":0,"losses":0,"trades":0,"profit_factor":0.0},{"date":"07/08/2025","date_ts":1754524800000,"profit_abs":0.0,"wins":0,"draws":0,"losses":0,"trades":0,"profit_factor":0.0},{"date":"08/08/2025","date_ts":1754611200000,"profit_abs":0.0,"wins":0,"draws":0,"losses":0,"trades":0,"profit_factor":0.0},{"date":"09/08/2025","date_ts":1754697600000,"profit_abs":0.0,"wins":0,"draws":0,"losses":0,"trades":0,"profit_factor":0.0},{"date":"10/08/2025","date_ts":1754784000000,"profit_abs":0.0,"wins":0,"draws":0,"losses":0,"trades":0,"profit_factor":0.0},{"date":"11/08/2025","date_ts":1754870400000,"profit_abs":0.0,"wins":0,"draws":0,"losses":0,"trades":0,"profit_factor":0.0},{"date":"12/08/2025","date_ts":1754956800000,"profit_abs":0.0,"wins":0,"draws":0,"losses":0,"trades":0,"profit_factor":0.0},{"date":"13/08/2025","date_ts":1755043200000,"profit_abs":0.0,"wins":0,"draws":0,"losses":0,"trades":0,"profit_factor":0.0},{"date":"14/08/2025","date_ts":1755129600000,"profit_abs":0.0,"wins":0,"draws":0,"losses":0,"trades":0,"profit_factor":0.0},{"date":"15/08/2025","date_ts":1755216000000,"profit_abs":0.0,"wins":0,"draws":0,"losses":0,"trades":0,"profit_factor":0.0},{"date":"16/08/2025","date_ts":1755302400000,"profit_abs":0.0,"wins":0,"draws":0,"losses":0,"trades":0,"profit_factor":0.0},{"date":"17/08/2025","date_ts":1755388800000,"profit_abs":0.0,"wins":0,"draws":0,"losses":0,"trades":0,"profit_factor":0.0},{"date":"18/08/2025","date_ts":1755475200000,"profit_abs":30.9143832,"wins":1,"draws":0,"losses":0,"trades":1,"profit_factor":0.0},{"date":"19/08/2025","date_ts":1755561600000,"profit_abs":0.0,"wins":0,"draws":0,"losses":0,"trades":0,"profit_factor":0.0},{"date":"20/08/2025","date_ts":1755648000000,"profit_abs":0.0,"wins":0,"draws":0,"losses":0,"trades":0,"profit_factor":0.0},{"date":"21/08/2025","date_ts":1755734400000,"profit_abs":0.0,"wins":0,"draws":0,"losses":0,"trades":0,"profit_factor":0.0},{"date":"22/08/2025","date_ts":1755820800000,"profit_abs":0.0,"wins":0,"draws":0,"losses":0,"trades":0,"profit_factor":0.0},{"date":"23/08/2025","date_ts":1755907200000,"profit_abs":0.0,"wins":0,"draws":0,"losses":0,"trades":0,"profit_factor":0.0},{"date":"24/08/2025","date_ts":1755993600000,"profit_abs":0.0,"wins":0,"draws":0,"losses":0,"trades":0,"profit_factor":0.0},{"date":"25/08/2025","date_ts":1756080000000,"profit_abs":0.0,"wins":0,"draws":0,"losses":0,"trades":0,"profit_factor":0.0},{"date":"26/08/2025","date_ts":1756166400000,"profit_abs":0.0,"wins":0,"draws":0,"losses":0,"trades":0,"profit_factor":0.0},{"date":"27/08/2025","date_ts":1756252800000,"profit_abs":0.0,"wins":0,"draws":0,"losses":0,"trades":0,"profit_factor":0.0},{"date":"28/08/2025","date_ts":1756339200000,"profit_abs":0.0,"wins":0,"draws":0,"losses":0,"trades":0,"profit_factor":0.0},{"date":"29/08/2025","date_ts":1756425600000,"profit_abs":0.0,"wins":0,"draws":0,"losses":0,"trades":0,"profit_factor":0.0},{"date":"30/08/2025","date_ts":1756512000000,"profit_abs":0.0,"wins":0,"draws":0,"losses":0,"trades":0,"profit_factor":0.0},{"date":"31/08/2025","date_ts":1756598400000,"profit_abs":0.0,"wins":0,"draws":0,"losses":0,"trades":0,"profit_factor":0.0},{"date":"01/09/2025","date_ts":1756684800000,"profit_abs":0.0,"wins":0,"draws":0,"losses":0,"trades":0,"profit_factor":0.0},{"date":"02/09/2025","date_ts":1756771200000,"profit_abs":0.0,"wins":0,"draws":0,"losses":0,"trades":0,"profit_factor":0.0},{"date":"03/09/2025","date_ts":1756857600000,"profit_abs":0.0,"wins":0,"draws":0,"losses":0,"trades":0,"profit_factor":0.0},{"date":"04/09/2025","date_ts":1756944000000,"profit_abs":0.0,"wins":0,"draws":0,"losses":0,"trades":0,"profit_factor":0.0},{"date":"05/09/2025","date_ts":1757030400000,"profit_abs":0.0,"wins":0,"draws":0,"losses":0,"trades":0,"profit_factor":0.0},{"date":"06/09/2025","date_ts":1757116800000,"profit_abs":0.0,"wins":0,"draws":0,"losses":0,"trades":0,"profit_factor":0.0},{"date":"07/09/2025","date_ts":1757203200000,"profit_abs":0.0,"wins":0,"draws":0,"losses":0,"trades":0,"profit_factor":0.0},{"date":"08/09/2025","date_ts":1757289600000,"profit_abs":0.0,"wins":0,"draws":0,"losses":0,"trades":0,"profit_factor":0.0},{"date":"09/09/2025","date_ts":1757376000000,"profit_abs":0.0,"wins":0,"draws":0,"losses":0,"trades":0,"profit_factor":0.0},{"date":"10/09/2025","date_ts":1757462400000,"profit_abs":0.0,"wins":0,"draws":0,"losses":0,"trades":0,"profit_factor":0.0},{"date":"11/09/2025","date_ts":1757548800000,"profit_abs":0.0,"wins":0,"draws":0,"losses":0,"trades":0,"profit_factor":0.0},{"date":"12/09/2025","date_ts":1757635200000,"profit_abs":0.0,"wins":0,"draws":0,"losses":0,"trades":0,"profit_factor":0.0},{"date":"13/09/2025","date_ts":1757721600000,"profit_abs":0.0,"wins":0,"draws":0,"losses":0,"trades":0,"profit_factor":0.0},{"date":"14/09/2025","date_ts":1757808000000,"profit_abs":0.0,"wins":0,"draws":0,"losses":0,"trades":0,"profit_factor":0.0},{"date":"15/09/2025","date_ts":1757894400000,"profit_abs":0.0,"wins":0,"draws":0,"losses":0,"trades":0,"profit_factor":0.0},{"date":"16/09/2025","date_ts":1757980800000,"profit_abs":0.0,"wins":0,"draws":0,"losses":0,"trades":0,"profit_factor":0.0},{"date":"17/09/2025","date_ts":1758067200000,"profit_abs":0.0,"wins":0,"draws":0,"losses":0,"trades":0,"profit_factor":0.0},{"date":"18/09/2025","date_ts":1758153600000,"profit_abs":0.0,"wins":0,"draws":0,"losses":0,"trades":0,"profit_factor":0.0},{"date":"19/09/2025","date_ts":1758240000000,"profit_abs":0.0,"wins":0,"draws":0,"losses":0,"trades":0,"profit_factor":0.0},{"date":"20/09/2025","date_ts":1758326400000,"profit_abs":0.0,"wins":0,"draws":0,"losses":0,"trades":0,"profit_factor":0.0},{"date":"21/09/2025","date_ts":1758412800000,"profit_abs":-95.76053609,"wins":0,"draws":0,"losses":1,"trades":1,"profit_factor":0.0},{"date":"22/09/2025","date_ts":1758499200000,"profit_abs":0.0,"wins":0,"draws":0,"losses":0,"trades":0,"profit_factor":0.0},{"date":"23/09/2025","date_ts":1758585600000,"profit_abs":0.0,"wins":0,"draws":0,"losses":0,"trades":0,"profit_factor":0.0},{"date":"24/09/2025","date_ts":1758672000000,"profit_abs":0.0,"wins":0,"draws":0,"losses":0,"trades":0,"profit_factor":0.0},{"date":"25/09/2025","date_ts":1758758400000,"profit_abs":0.0,"wins":0,"draws":0,"losses":0,"trades":0,"profit_factor":0.0},{"date":"26/09/2025","date_ts":1758844800000,"profit_abs":0.0,"wins":0,"draws":0,"losses":0,"trades":0,"profit_factor":0.0},{"date":"27/09/2025","date_ts":1758931200000,"profit_abs":0.0,"wins":0,"draws":0,"losses":0,"trades":0,"profit_factor":0.0},{"date":"28/09/2025","date_ts":1759017600000,"profit_abs":0.0,"wins":0,"draws":0,"losses":0,"trades":0,"profit_factor":0.0},{"date":"29/09/2025","date_ts":1759104000000,"profit_abs":0.0,"wins":0,"draws":0,"losses":0,"trades":0,"profit_factor":0.0},{"date":"30/09/2025","date_ts":1759190400000,"profit_abs":0.0,"wins":0,"draws":0,"losses":0,"trades":0,"profit_factor":0.0},{"date":"01/10/2025","date_ts":1759276800000,"profit_abs":0.0,"wins":0,"draws":0,"losses":0,"trades":0,"profit_factor":0.0},{"date":"02/10/2025","date_ts":1759363200000,"profit_abs":0.0,"wins":0,"draws":0,"losses":0,"trades":0,"profit_factor":0.0},{"date":"03/10/2025","date_ts":1759449600000,"profit_abs":0.0,"wins":0,"draws":0,"losses":0,"trades":0,"profit_factor":0.0},{"date":"04/10/2025","date_ts":1759536000000,"profit_abs":0.0,"wins":0,"draws":0,"losses":0,"trades":0,"profit_factor":0.0},{"date":"05/10/2025","date_ts":1759622400000,"profit_abs":0.0,"wins":0,"draws":0,"losses":0,"trades":0,"profit_factor":0.0},{"date":"06/10/2025","date_ts":1759708800000,"profit_abs":0.0,"wins":0,"draws":0,"losses":0,"trades":0,"profit_factor":0.0},{"date":"07/10/2025","date_ts":1759795200000,"profit_abs":0.0,"wins":0,"draws":0,"losses":0,"trades":0,"profit_factor":0.0},{"date":"08/10/2025","date_ts":1759881600000,"profit_abs":0.0,"wins":0,"draws":0,"losses":0,"trades":0,"profit_factor":0.0},{"date":"09/10/2025","date_ts":1759968000000,"profit_abs":0.0,"wins":0,"draws":0,"losses":0,"trades":0,"profit_factor":0.0},{"date":"10/10/2025","date_ts":1760054400000,"profit_abs":518.15948353,"wins":1,"draws":0,"losses":0,"trades":1,"profit_factor":0.0}],"week":[{"date":"10/02/2025","date_ts":1739145600000,"profit_abs":-868.463125,"wins":0,"draws":0,"losses":1,"trades":1,"profit_factor":0.0},{"date":"17/02/2025","date_ts":1739750400000,"profit_abs":0.0,"wins":0,"draws":0,"losses":0,"trades":0,"profit_factor":0.0},{"date":"24/02/2025","date_ts":1740355200000,"profit_abs":0.0,"wins":0,"draws":0,"losses":0,"trades":0,"profit_factor":0.0},{"date":"03/03/2025","date_ts":1740960000000,"profit_abs":0.0,"wins":0,"draws":0,"losses":0,"trades":0,"profit_factor":0.0},{"date":"10/03/2025","date_ts":1741564800000,"profit_abs":0.0,"wins":0,"draws":0,"losses":0,"trades":0,"profit_factor":0.0},{"date":"17/03/2025","date_ts":1742169600000,"profit_abs":0.0,"wins":0,"draws":0,"losses":0,"trades":0,"profit_factor":0.0},{"date":"24/03/2025","date_ts":1742774400000,"profit_abs":0.0,"wins":0,"draws":0,"losses":0,"trades":0,"profit_factor":0.0},{"date":"31/03/2025","date_ts":1743379200000,"profit_abs":0.0,"wins":0,"draws":0,"losses":0,"trades":0,"profit_factor":0.0},{"date":"07/04/2025","date_ts":1743984000000,"profit_abs":0.0,"wins":0,"draws":0,"losses":0,"trades":0,"profit_factor":0.0},{"date":"14/04/2025","date_ts":1744588800000,"profit_abs":0.0,"wins":0,"draws":0,"losses":0,"trades":0,"profit_factor":0.0},{"date":"21/04/2025","date_ts":1745193600000,"profit_abs":0.0,"wins":0,"draws":0,"losses":0,"trades":0,"profit_factor":0.0},{"date":"28/04/2025","date_ts":1745798400000,"profit_abs":0.0,"wins":0,"draws":0,"losses":0,"trades":0,"profit_factor":0.0},{"date":"05/05/2025","date_ts":1746403200000,"profit_abs":0.0,"wins":0,"draws":0,"losses":0,"trades":0,"profit_factor":0.0},{"date":"12/05/2025","date_ts":1747008000000,"profit_abs":827.52852494,"wins":1,"draws":0,"losses":0,"trades":1,"profit_factor":0.0},{"date":"19/05/2025","date_ts":1747612800000,"profit_abs":0.0,"wins":0,"draws":0,"losses":0,"trades":0,"profit_factor":0.0},{"date":"26/05/2025","date_ts":1748217600000,"profit_abs":0.0,"wins":0,"draws":0,"losses":0,"trades":0,"profit_factor":0.0},{"date":"02/06/2025","date_ts":1748822400000,"profit_abs":597.68687325,"wins":1,"draws":0,"losses":0,"trades":1,"profit_factor":0.0},{"date":"09/06/2025","date_ts":1749427200000,"profit_abs":0.0,"wins":0,"draws":0,"losses":0,"trades":0,"profit_factor":0.0},{"date":"16/06/2025","date_ts":1750032000000,"profit_abs":0.0,"wins":0,"draws":0,"losses":0,"trades":0,"profit_factor":0.0},{"date":"23/06/2025","date_ts":1750636800000,"profit_abs":0.0,"wins":0,"draws":0,"losses":0,"trades":0,"profit_factor":0.0},{"date":"30/06/2025","date_ts":1751241600000,"profit_abs":0.0,"wins":0,"draws":0,"losses":0,"trades":0,"profit_factor":0.0},{"date":"07/07/2025","date_ts":1751846400000,"profit_abs":0.0,"wins":0,"draws":0,"losses":0,"trades":0,"profit_factor":0.0},{"date":"14/07/2025","date_ts":1752451200000,"profit_abs":0.0,"wins":0,"draws":0,"losses":0,"trades":0,"profit_factor":0.0},{"date":"21/07/2025","date_ts":1753056000000,"profit_abs":0.0,"wins":0,"draws":0,"losses":0,"trades":0,"profit_factor":0.0},{"date":"28/07/2025","date_ts":1753660800000,"profit_abs":946.00883006,"wins":1,"draws":0,"losses":0,"trades":1,"profit_factor":0.0},{"date":"04/08/2025","date_ts":1754265600000,"profit_abs":0.0,"wins":0,"draws":0,"losses":0,"trades":0,"profit_factor":0.0},{"date":"11/08/2025","date_ts":1754870400000,"profit_abs":0.0,"wins":0,"draws":0,"losses":0,"trades":0,"profit_factor":0.0},{"date":"18/08/2025","date_ts":1755475200000,"profit_abs":30.9143832,"wins":1,"draws":0,"losses":0,"trades":1,"profit_factor":0.0},{"date":"25/08/2025","date_ts":1756080000000,"profit_abs":0.0,"wins":0,"draws":0,"losses":0,"trades":0,"profit_factor":0.0},{"date":"01/09/2025","date_ts":1756684800000,"profit_abs":0.0,"wins":0,"draws":0,"losses":0,"trades":0,"profit_factor":0.0},{"date":"08/09/2025","date_ts":1757289600000,"profit_abs":0.0,"wins":0,"draws":0,"losses":0,"trades":0,"profit_factor":0.0},{"date":"15/09/2025","date_ts":1757894400000,"profit_abs":0.0,"wins":0,"draws":0,"losses":0,"trades":0,"profit_factor":0.0},{"date":"22/09/2025","date_ts":1758499200000,"profit_abs":-95.76053609,"wins":0,"draws":0,"losses":1,"trades":1,"profit_factor":0.0},{"date":"29/09/2025","date_ts":1759104000000,"profit_abs":0.0,"wins":0,"draws":0,"losses":0,"trades":0,"profit_factor":0.0},{"date":"06/10/2025","date_ts":1759708800000,"profit_abs":0.0,"wins":0,"draws":0,"losses":0,"trades":0,"profit_factor":0.0},{"date":"13/10/2025","date_ts":1760313600000,"profit_abs":518.15948353,"wins":1,"draws":0,"losses":0,"trades":1,"profit_factor":0.0}],"month":[{"date":"28/02/2025","date_ts":1740700800000,"profit_abs":-868.463125,"wins":0,"draws":0,"losses":1,"trades":1,"profit_factor":0.0},{"date":"31/03/2025","date_ts":1743379200000,"profit_abs":0.0,"wins":0,"draws":0,"losses":0,"trades":0,"profit_factor":0.0},{"date":"30/04/2025","date_ts":1745971200000,"profit_abs":0.0,"wins":0,"draws":0,"losses":0,"trades":0,"profit_factor":0.0},{"date":"31/05/2025","date_ts":1748649600000,"profit_abs":1425.21539819,"wins":2,"draws":0,"losses":0,"trades":2,"profit_factor":0.0},{"date":"30/06/2025","date_ts":1751241600000,"profit_abs":0.0,"wins":0,"draws":0,"losses":0,"trades":0,"profit_factor":0.0},{"date":"31/07/2025","date_ts":1753920000000,"profit_abs":946.00883006,"wins":1,"draws":0,"losses":0,"trades":1,"profit_factor":0.0},{"date":"31/08/2025","date_ts":1756598400000,"profit_abs":30.9143832,"wins":1,"draws":0,"losses":0,"trades":1,"profit_factor":0.0},{"date":"30/09/2025","date_ts":1759190400000,"profit_abs":-95.76053609,"wins":0,"draws":0,"losses":1,"trades":1,"profit_factor":0.0},{"date":"31/10/2025","date_ts":1761868800000,"profit_abs":518.15948353,"wins":1,"draws":0,"losses":0,"trades":1,"profit_factor":0.0}],"year":[{"date":"31/12/2025","date_ts":1767139200000,"profit_abs":1956.07443389,"wins":5,"draws":0,"losses":2,"trades":7,"profit_factor":3.02865218}]},"backtest_best_day":0.09145510232406315,"backtest_worst_day":-0.08764094400085845,"backtest_best_day_abs":946.00883006,"backtest_worst_day_abs":-868.463125,"winning_days":5,"draw_days":237,"losing_days":2,"daily_profit":[["2025-02-09",-868.463125],["2025-02-10",0.0],["2025-02-11",0.0],["2025-02-12",0.0],["2025-02-13",0.0],["2025-02-14",0.0],["2025-02-15",0.0],["2025-02-16",0.0],["2025-02-17",0.0],["2025-02-18",0.0],["2025-02-19",0.0],["2025-02-20",0.0],["2025-02-21",0.0],["2025-02-22",0.0],["2025-02-23",0.0],["2025-02-24",0.0],["2025-02-25",0.0],["2025-02-26",0.0],["2025-02-27",0.0],["2025-02-28",0.0],["2025-03-01",0.0],["2025-03-02",0.0],["2025-03-03",0.0],["2025-03-04",0.0],["2025-03-05",0.0],["2025-03-06",0.0],["2025-03-07",0.0],["2025-03-08",0.0],["2025-03-09",0.0],["2025-03-10",0.0],["2025-03-11",0.0],["2025-03-12",0.0],["2025-03-13",0.0],["2025-03-14",0.0],["2025-03-15",0.0],["2025-03-16",0.0],["2025-03-17",0.0],["2025-03-18",0.0],["2025-03-19",0.0],["2025-03-20",0.0],["2025-03-21",0.0],["2025-03-22",0.0],["2025-03-23",0.0],["2025-03-24",0.0],["2025-03-25",0.0],["2025-03-26",0.0],["2025-03-27",0.0],["2025-03-28",0.0],["2025-03-29",0.0],["2025-03-30",0.0],["2025-03-31",0.0],["2025-04-01",0.0],["2025-04-02",0.0],["2025-04-03",0.0],["2025-04-04",0.0],["2025-04-05",0.0],["2025-04-06",0.0],["2025-04-07",0.0],["2025-04-08",0.0],["2025-04-09",0.0],["2025-04-10",0.0],["2025-04-11",0.0],["2025-04-12",0.0],["2025-04-13",0.0],["2025-04-14",0.0],["2025-04-15",0.0],["2025-04-16",0.0],["2025-04-17",0.0],["2025-04-18",0.0],["2025-04-19",0.0],["2025-04-20",0.0],["2025-04-21",0.0],["2025-04-22",0.0],["2025-04-23",0.0],["2025-04-24",0.0],["2025-04-25",0.0],["2025-04-26",0.0],["2025-04-27",0.0],["2025-04-28",0.0],["2025-04-29",0.0],["2025-04-30",0.0],["2025-05-01",0.0],["2025-05-02",0.0],["2025-05-03",0.0],["2025-05-04",0.0],["2025-05-05",0.0],["2025-05-06",827.52852494],["2025-05-07",0.0],["2025-05-08",0.0],["2025-05-09",0.0],["2025-05-10",0.0],["2025-05-11",0.0],["2025-05-12",0.0],["2025-05-13",0.0],["2025-05-14",0.0],["2025-05-15",0.0],["2025-05-16",0.0],["2025-05-17",0.0],["2025-05-18",0.0],["2025-05-19",0.0],["2025-05-20",0.0],["2025-05-21",0.0],["2025-05-22",0.0],["2025-05-23",0.0],["2025-05-24",0.0],["2025-05-25",0.0],["2025-05-26",0.0],["2025-05-27",0.0],["2025-05-28",0.0],["2025-05-29",0.0],["2025-05-30",597.68687325],["2025-05-31",0.0],["2025-06-01",0.0],["2025-06-02",0.0],["2025-06-03",0.0],["2025-06-04",0.0],["2025-06-05",0.0],["2025-06-06",0.0],["2025-06-07",0.0],["2025-06-08",0.0],["2025-06-09",0.0],["2025-06-10",0.0],["2025-06-11",0.0],["2025-06-12",0.0],["2025-06-13",0.0],["2025-06-14",0.0],["2025-06-15",0.0],["2025-06-16",0.0],["2025-06-17",0.0],["2025-06-18",0.0],["2025-06-19",0.0],["2025-06-20",0.0],["2025-06-21",0.0],["2025-06-22",0.0],["2025-06-23",0.0],["2025-06-24",0.0],["2025-06-25",0.0],["2025-06-26",0.0],["2025-06-27",0.0],["2025-06-28",0.0],["2025-06-29",0.0],["2025-06-30",0.0],["2025-07-01",0.0],["2025-07-02",0.0],["2025-07-03",0.0],["2025-07-04",0.0],["2025-07-05",0.0],["2025-07-06",0.0],["2025-07-07",0.0],["2025-07-08",0.0],["2025-07-09",0.0],["2025-07-10",0.0],["2025-07-11",0.0],["2025-07-12",0.0],["2025-07-13",0.0],["2025-07-14",0.0],["2025-07-15",0.0],["2025-07-16",0.0],["2025-07-17",0.0],["2025-07-18",0.0],["2025-07-19",0.0],["2025-07-20",0.0],["2025-07-21",0.0],["2025-07-22",0.0],["2025-07-23",0.0],["2025-07-24",0.0],["2025-07-25",0.0],["2025-07-26",0.0],["2025-07-27",0.0],["2025-07-28",946.00883006],["2025-07-29",0.0],["2025-07-30",0.0],["2025-07-31",0.0],["2025-08-01",0.0],["2025-08-02",0.0],["2025-08-03",0.0],["2025-08-04",0.0],["2025-08-05",0.0],["2025-08-06",0.0],["2025-08-07",0.0],["2025-08-08",0.0],["2025-08-09",0.0],["2025-08-10",0.0],["2025-08-11",0.0],["2025-08-12",0.0],["2025-08-13",0.0],["2025-08-14",0.0],["2025-08-15",0.0],["2025-08-16",0.0],["2025-08-17",0.0],["2025-08-18",30.9143832],["2025-08-19",0.0],["2025-08-20",0.0],["2025-08-21",0.0],["2025-08-22",0.0],["2025-08-23",0.0],["2025-08-24",0.0],["2025-08-25",0.0],["2025-08-26",0.0],["2025-08-27",0.0],["2025-08-28",0.0],["2025-08-29",0.0],["2025-08-30",0.0],["2025-08-31",0.0],["2025-09-01",0.0],["2025-09-02",0.0],["2025-09-03",0.0],["2025-09-04",0.0],["2025-09-05",0.0],["2025-09-06",0.0],["2025-09-07",0.0],["2025-09-08",0.0],["2025-09-09",0.0],["2025-09-10",0.0],["2025-09-11",0.0],["2025-09-12",0.0],["2025-09-13",0.0],["2025-09-14",0.0],["2025-09-15",0.0],["2025-09-16",0.0],["2025-09-17",0.0],["2025-09-18",0.0],["2025-09-19",0.0],["2025-09-20",0.0],["2025-09-21",-95.76053609],["2025-09-22",0.0],["2025-09-23",0.0],["2025-09-24",0.0],["2025-09-25",0.0],["2025-09-26",0.0],["2025-09-27",0.0],["2025-09-28",0.0],["2025-09-29",0.0],["2025-09-30",0.0],["2025-10-01",0.0],["2025-10-02",0.0],["2025-10-03",0.0],["2025-10-04",0.0],["2025-10-05",0.0],["2025-10-06",0.0],["2025-10-07",0.0],["2025-10-08",0.0],["2025-10-09",0.0],["2025-10-10",518.15948353]],"wins":5,"losses":2,"draws":0,"winrate":0.7142857142857143,"holding_avg":"20 days, 15:26:00","holding_avg_s":1783560.0,"winner_holding_min":"8d 15:00","winner_holding_min_s":745200.0,"winner_holding_max":"47d 02:00","winner_holding_max_s":4068000.0,"winner_holding_avg":"23d 07:24","winner_holding_avg_s":2013840.0,"loser_holding_min":"6d 12:00","loser_holding_min_s":561600.0,"loser_holding_max":"21d 11:00","loser_holding_max_s":1854000.0,"loser_holding_avg":"13d 23:30","loser_holding_avg_s":1207800.0,"max_consecutive_wins":4,"max_consecutive_losses":1,"max_drawdown_account":0.08684631250000002,"max_relative_drawdown":0.08684631250000002,"max_drawdown_abs":868.463125,"drawdown_start":"2025-02-09 14:00:00","drawdown_start_ts":1739109600000.0,"drawdown_end":"2025-02-09 14:00:00","drawdown_end_ts":1739109600000.0,"drawdown_duration":"0 days 00:00:00","drawdown_duration_s":0.0,"max_drawdown_low":-868.463125,"max_drawdown_high":-868.463125,"csum_min":9131.536875,"csum_max":11956.07443389}},"strategy_comparison":[{"key":"TrendlineBreakoutStrategy","trades":7,"profit_mean":0.027836664503508246,"profit_mean_pct":2.78,"profit_total_abs":1956.07443389,"profit_total":0.195607443389,"profit_total_pct":19.56,"duration_avg":"20 days, 15:26:00","wins":5,"draws":0,"losses":2,"winrate":0.7142857142857143,"cagr":0.2601579223677817,"expectancy":279.4392048414286,"expectancy_ratio":0.5796149091084086,"sortino":0.3430049038476396,"sharpe":0.2252353914949062,"calmar":15.259184275204355,"sqn":1.1634,"profit_factor":3.02865218187943,"max_drawdown_account":0.08684631250000002,"max_drawdown_abs":"868.463"}]}