{"strategy":{"TrendlineBreakoutStrategy":{"trades":[{"pair":"BTC/USDT","stake_amount":9899.748253,"max_stake_amount":9899.748253,"amount":0.0853,"open_date":"2025-09-15 05:00:00+00:00","close_date":"2025-09-21 17:00:00+00:00","open_rate":116058.01,"close_rate":115316.01,"fee_open":0.001,"fee_close":0.001,"trade_duration":9360,"profit_ratio":-0.008378582559088035,"profit_abs":-83.02880391,"exit_reason":"exit_signal","initial_stop_loss_abs":1160.580100000001,"initial_stop_loss_ratio":-0.99,"stop_loss_abs":1160.580100000001,"stop_loss_ratio":-0.99,"min_rate":114384.0,"max_rate":117900.0,"is_open":false,"enter_tag":"","leverage":1.0,"is_short":false,"open_timestamp":1757912400000,"close_timestamp":1758474000000,"orders":[{"amount":0.0853,"safe_price":116058.01,"ft_order_side":"buy","order_filled_timestamp":1757912400000,"ft_is_entry":true,"ft_order_tag":"","cost":9909.648001253},{"amount":0.0853,"safe_price":115316.01,"ft_order_side":"sell","order_filled_timestamp":1758474000000,"ft_is_entry":false,"ft_order_tag":"exit_signal","cost":9846.292108652999}],"funding_fees":0.0},{"pair":"BTC/USDT","stake_amount":9817.2078785,"max_stake_amount":9817.2078785,"amount":0.08455,"open_date":"2025-10-01 09:00:00+00:00","close_date":"2025-10-10 00:00:00+00:00","open_rate":116111.27,"close_rate":121662.41,"fee_open":0.001,"fee_close":0.001,"trade_duration":12420,"profit_ratio":0.045715271754288134,"profit_abs":449.24512236,"exit_reason":"force_exit","initial_stop_loss_abs":1161.112700000001,"initial_stop_loss_ratio":-0.99,"stop_loss_abs":1161.112700000001,"stop_loss_ratio":-0.99,"min_rate":115950.0,"max_rate":126199.63,"is_open":false,"enter_tag":"","leverage":1.0,"is_short":false,"open_timestamp":1759309200000,"close_timestamp":1760054400000,"orders":[{"amount":0.08455,"safe_price":116111.27,"ft_order_side":"buy","order_filled_timestamp":1759309200000,"ft_is_entry":true,"ft_order_tag":"","cost":9827.0250863785},{"amount":0.08455,"safe_price":121662.41,"ft_order_side":"sell","order_filled_timestamp":1760054400000,"ft_is_entry":false,"ft_order_tag":"force_exit","cost":10296.843322265499}],"funding_fees":0.0}],"locks":[],"best_pair":{"key":"BTC/USDT","trades":2,"profit_mean":0.01866834459760005,"profit_mean_pct":1.87,"profit_total_abs":366.21631845,"profit_total":0.036621631845,"profit_total_pct":3.66,"duration_avg":"7 days, 13:30:00","wins":1,"draws":0,"losses":1,"winrate":0.5,"cagr":0.40019873554085805,"expectancy":183.108159225,"expectancy_ratio":2.205357064079619,"sortino":-100,"sharpe":0.6740844684699124,"calmar":216.0681412796399,"sqn":0.688,"profit_factor":5.410714128159238,"max_drawdown_account":0.008302880390999962,"max_drawdown_abs":83.02880391},"worst_pair":{"key":"BTC/USDT","trades":2,"profit_mean":0.01866834459760005,"profit_mean_pct":1.87,"profit_total_abs":366.21631845,"profit_total":0.036621631845,"profit_total_pct":3.66,"duration_avg":"7 days, 13:30:00","wins":1,"draws":0,"losses":1,"winrate":0.5,"cagr":0.40019873554085805,"expectancy":183.108159225,"expectancy_ratio":2.205357064079619,"sortino":-100,"sharpe":0.6740844684699124,"calmar":216.0681412796399,"sqn":0.688,"profit_factor":5.410714128159238,"max_drawdown_account":0.008302880390999962,"max_drawdown_abs":83.02880391},"results_per_pair":[{"key":"BTC/USDT","trades":2,"profit_mean":0.01866834459760005,"profit_mean_pct":1.87,"profit_total_abs":366.21631845,"profit_total":0.036621631845,"profit_total_pct":3.66,"duration_avg":"7 days, 13:30:00","wins":1,"draws":0,"losses":1,"winrate":0.5,"cagr":0.40019873554085805,"expectancy":183.108159225,"expectancy_ratio":2.205357064079619,"sortino":-100,"sharpe":0.6740844684699124,"calmar":216.0681412796399,"sqn":0.688,"profit_factor":5.410714128159238,"max_drawdown_account":0.008302880390999962,"max_drawdown_abs":83.02880391},{"key":"TOTAL","trades":2,"profit_mean":0.01866834459760005,"profit_mean_pct":1.87,"profit_total_abs":366.21631845,"profit_total":0.036621631845,"profit_total_pct":3.66,"duration_avg":"7 days, 13:30:00","wins":1,"draws":0,"losses":1,"winrate":0.5,"cagr":0.40019873554085805,"expectancy":183.108159225,"expectancy_ratio":2.205357064079619,"sortino":-100,"sharpe":0.6740844684699124,"calmar":216.0681412796399,"sqn":0.688,"profit_factor":5.410714128159238,"max_drawdown_account":0.008302880390999962,"max_drawdown_abs":83.02880391}],"results_per_enter_tag":[{"key":"","trades":2,"profit_mean":0.01866834459760005,"profit_mean_pct":1.87,"profit_total_abs":366.21631845,"profit_total":0.036621631845,"profit_total_pct":3.66,"duration_avg":"7 days, 13:30:00","wins":1,"draws":0,"losses":1,"winrate":0.5,"cagr":0.40019873554085805,"expectancy":183.108159225,"expectancy_ratio":2.205357064079619,"sortino":-100,"sharpe":0.6740844684699124,"calmar":216.0681412796399,"sqn":0.688,"profit_factor":5.410714128159238,"max_drawdown_account":0.008302880390999962,"max_drawdown_abs":83.02880391},{"key":"TOTAL","trades":2,"profit_mean":0.01866834459760005,"profit_mean_pct":1.87,"profit_total_abs":366.21631845,"profit_total":0.036621631845,"profit_total_pct":3.66,"duration_avg":"7 days, 13:30:00","wins":1,"draws":0,"losses":1,"winrate":0.5,"cagr":0.40019873554085805,"expectancy":183.108159225,"expectancy_ratio":2.205357064079619,"sortino":-100,"sharpe":0.6740844684699124,"calmar":216.0681412796399,"sqn":0.688,"profit_factor":5.410714128159238,"max_drawdown_account":0.008302880390999962,"max_drawdown_abs":83.02880391}],"exit_reason_summary":[{"key":"force_exit","trades":1,"profit_mean":0.045715271754288134,"profit_mean_pct":4.57,"profit_total_abs":449.24512236,"profit_total":0.044924512236,"profit_total_pct":4.49,"duration_avg":"8 days, 15:00:00","wins":1,"draws":0,"losses":0,"winrate":1.0,"cagr":0.5087429375741108,"expectancy":449.24512236,"expectancy_ratio":100.0,"sortino":-100,"sharpe":-100,"calmar":-100,"sqn":-100.0,"profit_factor":0.0,"max_drawdown_account":0.0,"max_drawdown_abs":0.0},{"key":"exit_signal","trades":1,"profit_mean":-0.008378582559088035,"profit_mean_pct":-0.84,"profit_total_abs":-83.02880391,"profit_total":-0.008302880391,"profit_total_pct":-0.83,"duration_avg":"6 days, 12:00:00","wins":0,"draws":0,"losses":1,"winrate":0.0,"cagr":-0.07506409445618034,"expectancy":-83.02880391,"expectancy_ratio":-1.0,"sortino":-100,"sharpe":-100,"calmar":-100,"sqn":-100.0,"profit_factor":0.0,"max_drawdown_account":0.0,"max_drawdown_abs":0.0},{"key":"TOTAL","trades":2,"profit_mean":0.01866834459760005,"profit_mean_pct":1.87,"profit_total_abs":366.21631845,"profit_total":0.036621631845,"profit_total_pct":3.66,"duration_avg":"7 days, 13:30:00","wins":1,"draws":0,"losses":1,"winrate":0.5,"cagr":0.40019873554085805,"expectancy":183.108159225,"expectancy_ratio":2.205357064079619,"sortino":-100,"sharpe":0.6740844684699124,"calmar":216.0681412796399,"sqn":0.688,"profit_factor":5.410714128159238,"max_drawdown_account":0.008302880390999962,"max_drawdown_abs":83.02880391}],"mix_tag_stats":[{"key":["","force_exit"],"trades":1,"profit_mean":0.045715271754288134,"profit_mean_pct":4.57,"profit_total_abs":449.24512236,"profit_total":0.044924512236,"profit_total_pct":4.49,"duration_avg":"8 days, 15:00:00","wins":1,"draws":0,"losses":0,"winrate":1.0,"cagr":0.5087429375741108,"expectancy":449.24512236,"expectancy_ratio":100.0,"sortino":-100,"sharpe":-100,"calmar":-100,"sqn":-100.0,"profit_factor":0.0,"max_drawdown_account":0.0,"max_drawdown_abs":0.0},{"key":["","exit_signal"],"trades":1,"profit_mean":-0.008378582559088035,"profit_mean_pct":-0.84,"profit_total_abs":-83.02880391,"profit_total":-0.008302880391,"profit_total_pct":-0.83,"duration_avg":"6 days, 12:00:00","wins":0,"draws":0,"losses":1,"winrate":0.0,"cagr":-0.07506409445618034,"expectancy":-83.02880391,"expectancy_ratio":-1.0,"sortino":-100,"sharpe":-100,"calmar":-100,"sqn":-100.0,"profit_factor":0.0,"max_drawdown_account":0.0,"max_drawdown_abs":0.0},{"key":"TOTAL","trades":2,"profit_mean":0.01866834459760005,"profit_mean_pct":1.87,"profit_total_abs":366.21631845,"profit_total":0.036621631845,"profit_total_pct":3.66,"duration_avg":"7 days, 13:30:00","wins":1,"draws":0,"losses":1,"winrate":0.5,"cagr":0.40019873554085805,"expectancy":183.108159225,"expectancy_ratio":2.205357064079619,"sortino":-100,"sharpe":0.6740844684699124,"calmar":216.0681412796399,"sqn":0.688,"profit_factor":5.410714128159238,"max_drawdown_account":0.008302880390999962,"max_drawdown_abs":83.02880391}],"left_open_trades":[{"key":"BTC/USDT","trades":1,"profit_mean":0.045715271754288134,"profit_mean_pct":4.57,"profit_total_abs":449.24512236,"profit_total":0.044924512236,"profit_total_pct":4.49,"duration_avg":"8 days, 15:00:00","wins":1,"draws":0,"losses":0,"winrate":1.0,"cagr":0.5087429375741108,"expectancy":449.24512236,"expectancy_ratio":100.0,"sortino":-100,"sharpe":-100,"calmar":-100,"sqn":-100.0,"profit_factor":0.0,"max_drawdown_account":0.0,"max_drawdown_abs":0.0},{"key":"TOTAL","trades":1,"profit_mean":0.045715271754288134,"profit_mean_pct":4.57,"profit_total_abs":449.24512236,"profit_total":0.044924512236,"profit_total_pct":4.49,"duration_avg":"8 days, 15:00:00","wins":1,"draws":0,"losses":0,"winrate":1.0,"cagr":0.5087429375741108,"expectancy":449.24512236,"expectancy_ratio":100.0,"sortino":-100,"sharpe":-100,"calmar":-100,"sqn":-100.0,"profit_factor":0.0,"max_drawdown_account":0.0,"max_drawdown_abs":0.0}],"total_trades":2,"trade_count_long":2,"trade_count_short":0,"total_volume":39879.808518549995,"avg_stake_amount":9858.47806575,"profit_mean":0.01866834459760005,"profit_median":0.01866834459760005,"profit_total":0.036621631845,"profit_total_long":0.036621631845,"profit_total_short":0.0,"profit_total_abs":366.21631845,"profit_total_long_abs":366.21631845,"profit_total_short_abs":0.0,"cagr":0.40019873554085805,"expectancy":183.108159225,"expectancy_ratio":2.205357064079619,"sortino":-100,"sharpe":0.6740844684699124,"calmar":216.0681412796399,"sqn":0.688,"profit_factor":5.410714128159238,"backtest_start":"2025-09-01 00:00:00","backtest_start_ts":1756684800000,"backtest_end":"2025-10-10 00:00:00","backtest_end_ts":1760054400000,"backtest_days":39,"backtest_run_start_ts":1760842670,"backtest_run_end_ts":1760842670,"trades_per_day":0.05,"market_change":0.12495475750531068,"pairlist":["BTC/USDT"],"stake_amount":"unlimited","stake_currency":"USDT","stake_currency_decimals":3,"starting_balance":10000,"dry_run_wallet":10000,"final_balance":10366.21631845,"rejected_signals":0,"timedout_entry_orders":0,"timedout_exit_orders":0,"canceled_trade_entries":0,"canceled_entry_orders":0,"replaced_entry_orders":0,"max_open_trades":1,"max_open_trades_setting":1,"timeframe":"1h","timeframe_detail":"","timerange":"20250901-20251010","enable_protections":false,"strategy_name":"TrendlineBreakoutStrategy","freqaimodel":null,"freqai_identifier":null,"stoploss":-0.99,"trailing_stop":false,"trailing_stop_positive":0.0,"trailing_stop_positive_offset":0.0,"trailing_only_offset_is_reached":false,"use_custom_stoploss":true,"minimal_roi":{"0":100},"use_exit_signal":true,"exit_profit_only":false,"exit_profit_offset":0.0,"ignore_roi_if_entry_signal":false,"trading_mode":"spot","margin_mode":"","periodic_breakdown":{"day":[{"date":"21/09/2025","date_ts":1758412800000,"profit_abs":-83.02880391,"wins":0,"draws":0,"losses":1,"trades":1,"profit_factor":0.0},{"date":"22/09/2025","date_ts":1758499200000,"profit_abs":0.0,"wins":0,"draws":0,"losses":0,"trades":0,"profit_factor":0.0},{"date":"23/09/2025","date_ts":1758585600000,"profit_abs":0.0,"wins":0,"draws":0,"losses":0,"trades":0,"profit_factor":0.0},{"date":"24/09/2025","date_ts":1758672000000,"profit_abs":0.0,"wins":0,"draws":0,"losses":0,"trades":0,"profit_factor":0.0},{"date":"25/09/2025","date_ts":1758758400000,"profit_abs":0.0,"wins":0,"draws":0,"losses":0,"trades":0,"profit_factor":0.0},{"date":"26/09/2025","date_ts":1758844800000,"profit_abs":0.0,"wins":0,"draws":0,"losses":0,"trades":0,"profit_factor":0.0},{"date":"27/09/2025","date_ts":1758931200000,"profit_abs":0.0,"wins":0,"draws":0,"losses":0,"trades":0,"profit_factor":0.0},{"date":"28/09/2025","date_ts":1759017600000,"profit_abs":0.0,"wins":0,"draws":0,"losses":0,"trades":0,"profit_factor":0.0},{"date":"29/09/2025","date_ts":1759104000000,"profit_abs":0.0,"wins":0,"draws":0,"losses":0,"trades":0,"profit_factor":0.0},{"date":"30/09/2025","date_ts":1759190400000,"profit_abs":0.0,"wins":0,"draws":0,"losses":0,"trades":0,"profit_factor":0.0},{"date":"01/10/2025","date_ts":1759276800000,"profit_abs":0.0,"wins":0,"draws":0,"losses":0,"trades":0,"profit_factor":0.0},{"date":"02/10/2025","date_ts":1759363200000,"profit_abs":0.0,"wins":0,"draws":0,"losses":0,"trades":0,"profit_factor":0.0},{"date":"03/10/2025","date_ts":1759449600000,"profit_abs":0.0,"wins":0,"draws":0,"losses":0,"trades":0,"profit_factor":0.0},{"date":"04/10/2025","date_ts":1759536000000,"profit_abs":0.0,"wins":0,"draws":0,"losses":0,"trades":0,"profit_factor":0.0},{"date":"05/10/2025","date_ts":1759622400000,"profit_abs":0.0,"wins":0,"draws":0,"losses":0,"trades":0,"profit_factor":0.0},{"date":"06/10/2025","date_ts":1759708800000,"profit_abs":0.0,"wins":0,"draws":0,"losses":0,"trades":0,"profit_factor":0.0},{"date":"07/10/2025","date_ts":1759795200000,"profit_abs":0.0,"wins":0,"draws":0,"losses":0,"trades":0,"profit_factor":0.0},{"date":"08/10/2025","date_ts":1759881600000,"profit_abs":0.0,"wins":0,"draws":0,"losses":0,"trades":0,"profit_factor":0.0},{"date":"09/10/2025","date_ts":1759968000000,"profit_abs":0.0,"wins":0,"draws":0,"losses":0,"trades":0,"profit_factor":0.0},{"date":"10/10/2025","date_ts":1760054400000,"profit_abs":449.24512236,"wins":1,"draws":0,"losses":0,"trades":1,"profit_factor":0.0}],"week":[{"date":"22/09/2025","date_ts":1758499200000,"profit_abs":-83.02880391,"wins":0,"draws":0,"losses":1,"trades":1,"profit_factor":0.0},{"date":"29/09/2025","date_ts":1759104000000,"profit_abs":0.0,"wins":0,"draws":0,"losses":0,"trades":0,"profit_factor":0.0},{"date":"06/10/2025","date_ts":1759708800000,"profit_abs":0.0,"wins":0,"draws":0,"losses":0,"trades":0,"profit_factor":0.0},{"date":"13/10/2025","date_ts":1760313600000,"profit_abs":449.24512236,"wins":1,"draws":0,"losses":0,"trades":1,"profit_factor":0.0}],"month":[{"date":"30/09/2025","date_ts":1759190400000,"profit_abs":-83.02880391,"wins":0,"draws":0,"losses":1,"trades":1,"profit_factor":0.0},{"date":"31/10/2025","date_ts":1761868800000,"profit_abs":449.24512236,"wins":1,"draws":0,"losses":0,"trades":1,"profit_factor":0.0}],"year":[{"date":"31/12/2025","date_ts":1767139200000,"profit_abs":366.21631845,"wins":1,"draws":0,"losses":1,"trades":2,"profit_factor":5.41071413}]},"backtest_best_day":0.045715271754288134,"backtest_worst_day":-0.008378582559088035,"backtest_best_day_abs":449.24512236,"backtest_worst_day_abs":-83.02880391,"winning_days":1,"draw_days":18,"losing_days":1,"daily_profit":[["2025-09-21",-83.02880391],["2025-09-22",0.0],["2025-09-23",0.0],["2025-09-24",0.0],["2025-09-25",0.0],["2025-09-26",0.0],["2025-09-27",0.0],["2025-09-28",0.0],["2025-09-29",0.0],["2025-09-30",0.0],["2025-10-01",0.0],["2025-10-02",0.0],["2025-10-03",0.0],["2025-10-04",0.0],["2025-10-05",0.0],["2025-10-06",0.0],["2025-10-07",0.0],["2025-10-08",0.0],["2025-10-09",0.0],["2025-10-10",449.24512236]],"wins":1,"losses":1,"draws":0,"winrate":0.5,"holding_avg":"7 days, 13:30:00","holding_avg_s":653400.0,"winner_holding_min":"8d 15:00","winner_holding_min_s":745200.0,"winner_holding_max":"8d 15:00","winner_holding_max_s":745200.0,"winner_holding_avg":"8d 15:00","winner_holding_avg_s":745200.0,"loser_holding_min":"6d 12:00","loser_holding_min_s":561600.0,"loser_holding_max":"6d 12:00","loser_holding_max_s":561600.0,"loser_holding_avg":"6d 12:00","loser_holding_avg_s":561600.0,"max_consecutive_wins":1,"max_consecutive_losses":1,"max_drawdown_account":0.008302880390999962,"max_relative_drawdown":0.008302880390999962,"max_drawdown_abs":83.02880391,"drawdown_start":"2025-09-21 17:00:00","drawdown_start_ts":1758474000000.0,"drawdown_end":"2025-09-21 17:00:00","drawdown_end_ts":1758474000000.0,"drawdown_duration":"0 days 00:00:00","drawdown_duration_s":0.0,"max_drawdown_low":-83.02880391,"max_drawdown_high":-83.02880391,"csum_min":9916.97119609,"csum_max":10366.21631845}},"strategy_comparison":[{"key":"TrendlineBreakoutStrategy","trades":2,"profit_mean":0.01866834459760005,"profit_mean_pct":1.87,"profit_total_abs":366.21631845,"profit_total":0.036621631845,"profit_total_pct":3.66,"duration_avg":"7 days, 13:30:00","wins":1,"draws":0,"losses":1,"winrate":0.5,"cagr":0.40019873554085805,"expectancy":183.108159225,"expectancy_ratio":2.205357064079619,"sortino":-100,"sharpe":0.6740844684699124,"calmar":216.0681412796399,"sqn":0.688,"profit_factor":5.410714128159238,"max_drawdown_account":0.008302880390999962,"max_drawdown_abs":"83.029"}]}